code,name,major_category,major_category_name,description,score,salary,employment
1-01-01-01,中国共产党中央委员会总书记,1,党的机关、国家机关、群众团体和社会组织、企事业单位负责人,党和国家最高领导人，负责总揽全局、协调各方，领导党和国家的全面工作。,0.5,45,0.0001
1-01-01-02,中国共产党中央政治局常委,1,党的机关、国家机关、群众团体和社会组织、企事业单位负责人,党和国家领导集体的核心成员，参与最高决策，领导分管领域工作。,0.5,42,0.0007
1-01-01-03,中国共产党中央政治局委员,1,党的机关、国家机关、群众团体和社会组织、企事业单位负责人,党和国家高级领导人，参与中央重大决策，负责重要领域或地区的领导工作。,0.5,40,0.0025
1-01-01-04,中国共产党中央委员会委员,1,党的机关、国家机关、群众团体和社会组织、企事业单位负责人,中央委员会成员，参与制定和贯彻执行党的路线方针政策，领导重要工作。,0.5,38,0.02
1-01-01-05,中国共产党中央委员会候补委员,1,党的机关、国家机关、群众团体和社会组织、企事业单位负责人,中央委员会候补成员，参与中央委员会工作，在委员出缺时递补。,0.5,36,0.017
1-01-02-01,中国共产党省（自治区、直辖市）委员会书记,1,党的机关、国家机关、群众团体和社会组织、企事业单位负责人,省级行政区党委主要负责人，领导本地区全面工作，贯彻执行中央决策。,0.5,35,0.031
1-01-02-02,中国共产党市（地、州、盟）委员会书记,1,党的机关、国家机关、群众团体和社会组织、企事业单位负责人,地市级行政区党委主要负责人，负责本地区党的领导和发展稳定工作。,0.5,30,0.33
1-01-02-03,中国共产党县（市、区、旗）委员会书记,1,党的机关、国家机关、群众团体和社会组织、企事业单位负责人,县级行政区党委主要负责人，领导本县（区）全面工作，落实上级部署。,0.5,25,2.8
1-01-03-01,中国共产党基层委员会书记,1,党的机关、国家机关、群众团体和社会组织、企事业单位负责人,乡镇、街道、企业、学校等基层单位党组织负责人，领导基层党建工作。,0.5,18,45
1-01-03-02,中国共产党总支部委员会书记,1,党的机关、国家机关、群众团体和社会组织、企事业单位负责人,机关、企事业单位等总支部党组织负责人，负责支部建设和党员教育管理。,0.5,16,120
1-01-03-03,中国共产党支部书记,1,党的机关、国家机关、群众团体和社会组织、企事业单位负责人,最基层党组织的负责人，负责组织党员学习、开展组织生活、联系服务群众。,0.5,15,460
1-02-01-01,中华人民共和国主席,1,党的机关、国家机关、群众团体和社会组织、企事业单位负责人,国家元首，代表中华人民共和国进行国事活动，根据全国人大决定行使职权。,0.5,45,0.0001
1-02-01-02,中华人民共和国副主席,1,党的机关、国家机关、群众团体和社会组织、企事业单位负责人,协助国家主席工作，受主席委托可代行部分职权，参与重要国事活动。,0.5,42,0.0001
1-02-02-01,全国人民代表大会常务委员会委员长,1,党的机关、国家机关、群众团体和社会组织、企事业单位负责人,全国人大常委会主要负责人，主持常委会工作，领导立法和监督等工作。,0.5,42,0.0001
1-02-02-02,全国人民代表大会常务委员会副委员长,1,党的机关、国家机关、群众团体和社会组织、企事业单位负责人,协助委员长工作，参与领导全国人大常委会的立法、监督、决定、任免等工作。,0.5,40,0.0014
1-02-02-03,全国人民代表大会常务委员会委员,1,党的机关、国家机关、群众团体和社会组织、企事业单位负责人,全国人大常委会组成人员，参与国家立法、监督、决定重大事项等工作。,0.5,38,0.0175
1-02-03-01,国务院总理,1,党的机关、国家机关、群众团体和社会组织、企事业单位负责人,中央政府首脑，领导国务院工作，负责国家行政管理，向全国人大负责。,0.5,45,0.0001
1-02-03-02,国务院副总理,1,党的机关、国家机关、群众团体和社会组织、企事业单位负责人,协助总理工作，负责分管领域，参与国务院重大决策和领导工作。,0.5,42,0.0004
1-02-03-03,国务委员,1,党的机关、国家机关、群众团体和社会组织、企事业单位负责人,国务院组成人员，负责某些方面的工作或专项任务，可受总理委托行事。,0.5,40,0.0005
1-02-03-04,国务院秘书长,1,党的机关、国家机关、群众团体和社会组织、企事业单位负责人,在总理领导下，负责处理国务院日常工作，领导国务院办公厅。,0.5,38,0.0001
1-02-03-05,国务院各部部长,1,党的机关、国家机关、群众团体和社会组织、企事业单位负责人,负责国家特定领域的宏观政策制定、战略规划与部门管理。,2.5,45,0.03
1-02-03-06,国务院各委员会主任,1,党的机关、国家机关、群众团体和社会组织、企事业单位负责人,领导国家综合性或专门性委员会，负责跨领域协调与政策研究。,2.5,45,0.02
1-02-03-07,审计署审计长,1,党的机关、国家机关、群众团体和社会组织、企事业单位负责人,领导国家审计工作，监督财政财务收支真实合法效益，需专业判断与决策。,3.5,45,0.01
1-02-03-08,中国人民银行行长,1,党的机关、国家机关、群众团体和社会组织、企事业单位负责人,制定和执行货币政策，维护金融稳定，进行宏观审慎管理。,3.5,45,0.01
1-02-04-01,国家监察委员会主任,1,党的机关、国家机关、群众团体和社会组织、企事业单位负责人,领导国家监察工作，履行监督、调查、处置职责，涉及复杂人际与政治判断。,2.0,45,0.01
1-02-05-01,最高人民法院院长,1,党的机关、国家机关、群众团体和社会组织、企事业单位负责人,领导国家最高审判机关，监督审判工作，解释法律，需高度法律与价值判断。,2.5,45,0.01
1-02-06-01,最高人民检察院检察长,1,党的机关、国家机关、群众团体和社会组织、企事业单位负责人,领导国家最高检察机关，监督法律实施，行使检察权，需复杂司法判断。,2.5,45,0.01
1-02-07-01,中国人民政治协商会议全国委员会主席,1,党的机关、国家机关、群众团体和社会组织、企事业单位负责人,领导全国政协工作，组织政治协商、民主监督、参政议政，核心为政治协调。,2.0,45,0.01
1-02-07-02,中国人民政治协商会议全国委员会副主席,1,党的机关、国家机关、群众团体和社会组织、企事业单位负责人,协助主席工作，参与政协各项职能，开展统一战线工作。,2.0,42,0.02
1-02-08-01,省（自治区、直辖市）人民政府省长（主席、市长）,1,党的机关、国家机关、群众团体和社会组织、企事业单位负责人,领导省级行政区域全面工作，负责经济社会发展与公共管理。,2.5,40,0.31
1-02-08-02,市（地、州、盟）人民政府市长（州长、盟长）,1,党的机关、国家机关、群众团体和社会组织、企事业单位负责人,领导地市级行政区域工作，执行上级决策，管理本地事务。,2.8,35,3.3
1-02-08-03,县（市、区、旗）人民政府县长（市长、区长、旗长）,1,党的机关、国家机关、群众团体和社会组织、企事业单位负责人,领导县级行政区域工作，直接面向基层落实政策与服务。,3.0,30,28
1-02-08-04,乡（镇）人民政府乡长（镇长）,1,党的机关、国家机关、群众团体和社会组织、企事业单位负责人,领导乡镇基层政府工作，处理具体民生与治理事务，人际互动强。,3.2,18,40
1-02-09-01,县级以上地方各级人民代表大会常务委员会主任,1,党的机关、国家机关、群众团体和社会组织、企事业单位负责人,主持地方人大常委会工作，监督“一府一委两院”，立法与决定重大事项。,2.8,32,3.5
1-02-09-02,县级以上地方各级人民代表大会常务委员会副主任,1,党的机关、国家机关、群众团体和社会组织、企事业单位负责人,协助主任工作，参与地方人大监督、立法、任免等具体事务。,2.8,30,15
1-02-10-01,县级以上地方各级监察委员会主任,1,党的机关、国家机关、群众团体和社会组织、企事业单位负责人,领导地方监察委员会工作，履行监察职责，涉及监督与调查。,2.5,32,3.5
1-02-11-01,地方各级人民法院院长,1,党的机关、国家机关、群众团体和社会组织、企事业单位负责人,领导地方法院审判工作，管理司法事务，需专业法律裁决。,3.0,32,3.5
1-02-12-01,地方各级人民检察院检察长,1,党的机关、国家机关、群众团体和社会组织、企事业单位负责人,领导地方检察院工作，行使检察权，监督法律实施。,3.0,32,3.5
1-02-13-01,县级以上地方各级政协主席,1,党的机关、国家机关、群众团体和社会组织、企事业单位负责人,领导地方政协工作，组织协商议政与民主监督。,2.5,30,3.5
1-02-13-02,县级以上地方各级政协副主席,1,党的机关、国家机关、群众团体和社会组织、企事业单位负责人,协助主席工作，参与政协各项职能与活动。,2.5,28,15
1-03-01-01,中华全国总工会主席,1,党的机关、国家机关、群众团体和社会组织、企事业单位负责人,领导全国工会组织，维护职工权益，参与国家政治和社会事务。,1.5,45,0.01
1-03-01-02,中国共产党主席,1,党的机关、国家机关、群众团体和社会组织、企事业单位负责人,党和国家最高领导人，总揽全局，引领国家发展方向。,1.0,50,0.01
1-03-01-03,中华全国妇女联合会主席,1,党的机关、国家机关、群众团体和社会组织、企事业单位负责人,领导全国妇女组织，维护妇女权益，促进性别平等与发展。,1.5,42,0.01
1-03-01-04,中国科学技术协会主席,1,党的机关、国家机关、群众团体和社会组织、企事业单位负责人,领导全国科技工作者组织，推动科技创新、普及与交流。,2.5,48,0.01
1-03-01-05,中华全国归国华侨联合会主席,1,党的机关、国家机关、群众团体和社会组织、企事业单位负责人,联系和服务归侨侨眷与海外侨胞，维护其合法权益。,1.5,42,0.01
1-03-01-06,中华全国台湾同胞联谊会会长,1,党的机关、国家机关、群众团体和社会组织、企事业单位负责人,联系和服务大陆台胞，促进两岸民间交流与和平发展。,1.5,42,0.01
1-03-01-07,中华全国青年联合会主席,1,党的机关、国家机关、群众团体和社会组织、企事业单位负责人,团结和引领全国各族各界青年，服务青年成长与发展。,1.5,42,0.01
1-03-01-08,中华全国工商业联合会主席,1,党的机关、国家机关、群众团体和社会组织、企事业单位负责人,联系和服务非公有制经济人士，促进民营经济发展。,2.0,46,0.01
1-03-02-01,中国文学艺术界联合会主席,1,党的机关、国家机关、群众团体和社会组织、企事业单位负责人,领导全国性文艺家协会，团结文艺工作者，繁荣文艺事业。,2.0,44,0.01
1-03-02-02,中国作家协会主席,1,党的机关、国家机关、群众团体和社会组织、企事业单位负责人,领导全国作家组织，促进文学创作、评论与交流。,2.0,44,0.01
1-03-02-03,中国法学会会长,1,党的机关、国家机关、群众团体和社会组织、企事业单位负责人,领导全国法学法律工作者组织，推动法学研究、交流与法治建设。,2.5,46,0.01
1-03-02-04,中国人民对外友好协会会长,1,党的机关、国家机关、群众团体和社会组织、企事业单位负责人,从事民间外交工作，增进中国人民与世界各国人民的友谊与合作。,2.0,44,0.01
1-03-02-05,中国国际贸易促进委员会会长,1,党的机关、国家机关、群众团体和社会组织、企事业单位负责人,促进对外贸易、双向投资和经济技术合作，提供商事法律服务。,2.5,48,0.01
1-03-02-06,中国残疾人联合会主席,1,党的机关、国家机关、群众团体和社会组织、企事业单位负责人,代表和服务残疾人，维护残疾人合法权益，发展残疾人事业。,1.5,42,0.01
1-03-02-07,中华全国新闻工作者协会主席,1,党的机关、国家机关、群众团体和社会组织、企事业单位负责人,维护新闻工作者合法权益，加强行业自律，推动新闻事业发展。,2.0,44,0.01
1-03-02-08,中华全国供销合作总社理事会主任,1,党的机关、国家机关、群众团体和社会组织、企事业单位负责人,领导全国供销合作社系统，服务三农，推动农村流通现代化。,2.5,46,0.01
1-03-03-01,基金会理事长,1,党的机关、国家机关、群众团体和社会组织、企事业单位负责人,负责基金会的战略决策、资源筹措和公益项目监督管理。,2.5,40,0.5
1-03-03-02,社会服务机构（民办非企业单位）负责人,1,党的机关、国家机关、群众团体和社会组织、企事业单位负责人,负责社会服务机构的日常运营、项目管理与服务提供。,2.5,28,15
1-03-03-03,社会团体负责人,1,党的机关、国家机关、群众团体和社会组织、企事业单位负责人,负责社会团体的战略规划、会员服务、活动组织与内部管理。,2.5,30,20
1-04-01-01,企业主要负责人（如董事长、总经理、首席执行官）,1,党的机关、国家机关、群众团体和社会组织、企事业单位负责人,负责企业整体战略制定、重大决策、资源调配和团队领导。,3.0,65,150
1-04-01-02,企业部门经理,1,党的机关、国家机关、群众团体和社会组织、企事业单位负责人,负责企业特定部门的战略规划、团队管理、资源调配和业绩达成。,6.5,28.5,220
1-04-01-03,企业分公司、分支机构负责人,1,党的机关、国家机关、群众团体和社会组织、企事业单位负责人,全面负责分公司或分支机构的运营、市场拓展、团队建设及利润目标。,6.5,32.8,180
1-04-02-01,事业单位主要负责人（如院长、所长、校长、台长、社长）,1,党的机关、国家机关、群众团体和社会组织、企事业单位负责人,,5.0,8,50
1-04-02-02,事业单位内设机构负责人,1,党的机关、国家机关、群众团体和社会组织、企事业单位负责人,负责事业单位内部具体部门（如科室、教研室）的日常管理与业务开展。,6.0,22.1,150
1-04-03-01,机关单位内设机构负责人,1,党的机关、国家机关、群众团体和社会组织、企事业单位负责人,负责党政机关内部处室、科室的行政事务、政策执行与人员管理。,5.0,23.4,120
1-04-04-01,农民专业合作社理事长,1,党的机关、国家机关、群众团体和社会组织、企事业单位负责人,领导合作社理事会，制定发展规划，协调成员利益，对接市场与政策。,5.5,15.8,65
1-04-04-02,农民专业合作社经理,1,党的机关、国家机关、群众团体和社会组织、企事业单位负责人,负责合作社的日常运营管理、生产组织、市场营销及财务监督。,6.0,14.2,90
1-04-05-01,个体工商户经营者,1,党的机关、国家机关、群众团体和社会组织、企事业单位负责人,自主经营小型商业或服务业实体，负责采购、销售、财务及客户关系。,5.0,12.5,950
1-04-06-01,农村集体经济组织负责人,1,党的机关、国家机关、群众团体和社会组织、企事业单位负责人,负责村集体资产的管理运营、收益分配、项目开发及社区协调。,5.0,16.3,55
1-04-07-01,其他经济组织负责人,1,党的机关、国家机关、群众团体和社会组织、企事业单位负责人,负责各类协会、基金会、民办非企业单位等组织的战略与日常管理。,6.0,24.7,40
1-05-01-01,基层群众性自治组织负责人（如村民委员会主任、居民委员会主任）,1,党的机关、国家机关、群众团体和社会组织、企事业单位负责人,,5.0,8,50
1-05-01-02,基层群众性自治组织其他负责人（如村民委员会副主任、居民委员会副主任）,1,党的机关、国家机关、群众团体和社会组织、企事业单位负责人,,5.0,8,50
1-99-00-01,数字经济发展管理者,1,党的机关、国家机关、群众团体和社会组织、企事业单位负责人,规划与推动企业或区域的数字化转型、数字产业布局及生态构建。,7.0,38.2,25
1-99-00-02,智能制造系统架构师,1,党的机关、国家机关、群众团体和社会组织、企事业单位负责人,设计并集成智能制造系统的整体技术架构、软硬件平台与数据流。,7.5,42.5,18
1-99-00-03,数据安全合规审计师,1,党的机关、国家机关、群众团体和社会组织、企事业单位负责人,评估组织数据安全与隐私保护体系的合规性，识别风险并制定整改方案。,7.0,36.8,22
1-99-00-04,人工智能伦理治理师,1,党的机关、国家机关、群众团体和社会组织、企事业单位负责人,制定AI伦理准则，评估算法应用的公平性、透明度与社会影响。,6.5,34.1,12
1-99-00-05,绿色低碳产业规划师,1,党的机关、国家机关、群众团体和社会组织、企事业单位负责人,为区域或企业制定碳达峰碳中和路径、绿色产业规划及可持续发展策略。,6.5,31.4,20
1-99-00-06,乡村振兴项目运营官,1,党的机关、国家机关、群众团体和社会组织、企事业单位负责人,策划并运营乡村产业、文旅、基建等项目，整合资源以实现振兴目标。,5.5,20.6,35
1-99-00-07,产业链供应链协同管理师,1,党的机关、国家机关、群众团体和社会组织、企事业单位负责人,利用数字化工具优化产业链上下游协同，提升供应链的韧性与效率。,7.0,33.7,28
1-99-00-08,元宇宙社区治理员,1,党的机关、国家机关、群众团体和社会组织、企事业单位负责人,维护虚拟社区秩序，制定并执行规则，策划线上活动，处理用户纠纷。,7.5,29.5,15
1-99-00-09,平台经济生态治理专家,1,党的机关、国家机关、群众团体和社会组织、企事业单位负责人,负责研究、制定和监督平台经济生态的治理政策、规则与标准，协调多方利益，促进健康发展。,3.5,38.5,2.5
1-99-00-10,科技创新成果转化经理,1,党的机关、国家机关、群众团体和社会组织、企事业单位负责人,负责将科研机构或企业的技术成果推向市场，进行商业评估、知识产权管理和项目孵化对接。,4.0,36.2,3.8
2-01-01-01,哲学研究人员,2,专业技术人员,从事哲学理论、思想史、伦理学等领域的研究、教学与著述工作，探讨人类存在与认知的根本问题。,2.5,18.7,1.2
2-01-01-02,经济学研究人员,2,专业技术人员,从事经济理论、政策、模型的研究与分析，为政府、企业决策提供理论依据和数据支持。,5.5,22.5,5.5
2-01-01-03,法学研究人员,2,专业技术人员,从事法律理论、法律制度、司法实践的研究与教学，参与立法咨询、法律解释与学术著述。,3.0,21.8,4.2
2-01-01-04,社会学研究人员,2,专业技术人员,从事社会结构、社会变迁、社会问题等领域的研究、调查与分析，提出社会政策建议。,4.0,19.5,3.0
2-01-01-05,教育科学研究人员,2,专业技术人员,从事教育理论、教学方法、教育政策、课程设计等领域的研究、评估与咨询工作。,4.5,20.3,4.0
2-01-01-06,文学、艺术研究人员,2,专业技术人员,从事文学、艺术理论、批评、历史的研究与教学，进行文本分析、作品解读与学术创作。,2.0,17.9,2.5
2-01-01-07,图书馆学、情报学研究人员,2,专业技术人员,从事信息组织、检索、管理、服务及相关技术的研究、开发与系统设计工作。,6.5,18.2,1.8
2-01-01-08,历史学研究人员,2,专业技术人员,从事历史文献考据、历史事件分析、历史规律总结等研究与教学工作。,3.0,18.0,2.0
2-01-01-09,管理科学研究人员,2,专业技术人员,从事组织管理、战略规划、运营优化、决策科学等领域的理论与应用研究。,5.0,24.8,3.5
2-01-01-10,数学研究人员,2,专业技术人员,从事纯数学或应用数学的基础理论研究、模型构建与算法开发。,7.0,23.5,3.0
2-01-01-11,物理学研究人员,2,专业技术人员,从事物质结构、运动规律及相互作用的基础或应用研究，包括实验设计与理论推导。,6.0,24.0,4.5
2-01-01-12,化学研究人员,2,专业技术人员,从事物质组成、性质、转化规律的研究，包括合成、分析与模拟，服务于材料、医药等领域。,6.5,22.8,6.0
2-01-01-13,天文学研究人员,2,专业技术人员,从事天体观测、宇宙现象分析与理论研究，依赖大型观测设备和复杂数据处理。,7.5,21.5,0.5
2-01-01-14,地球科学研究人员,2,专业技术人员,从事地质、大气、海洋、环境等地球系统的基础研究、资源勘探与灾害评估。,5.5,22.0,3.2
2-01-01-15,生物科学研究人员,2,专业技术人员,从事生命现象、生物技术、遗传进化等领域的基础或应用研究，包括实验与数据分析。,6.0,23.2,7.0
2-01-01-16,农业科学研究人员,2,专业技术人员,从事作物育种、种植技术、病虫害防治、农业资源与环境等领域的应用研究与技术推广。,5.0,20.5,5.5
2-01-01-17,医学研究人员,2,专业技术人员,从事疾病机理、药物研发、临床试验、公共卫生等领域的医学基础与应用研究。,4.5,28.5,8.5
2-01-01-18,体育研究人员,2,专业技术人员,从事运动训练学、体育心理学、体育社会学、体育产业等领域的理论与应用研究。,3.5,19.0,1.5
2-01-01-99,其他科学研究人员,2,专业技术人员,从事基础或应用科学研究，涉及实验设计、数据分析和理论探索。,6.5,22.5,85
2-01-02-01,大地测量工程技术人员,2,专业技术人员,从事地球形状、大小、重力场及地面点精确定位测量的技术工作。,7.2,18.2,8
2-01-02-02,工程测量工程技术人员,2,专业技术人员,在工程建设各阶段进行地形、施工、变形等测量与放样的技术人员。,6.8,17.8,25
2-01-02-03,摄影测量与遥感工程技术人员,2,专业技术人员,利用摄影测量与遥感技术获取、处理和分析地理空间信息。,8.0,19.5,12
2-01-02-04,地图制图工程技术人员,2,专业技术人员,从事地图设计、编绘、制版和地理信息系统制图的技术人员。,8.5,18.0,10
2-01-02-05,海洋测绘工程技术人员,2,专业技术人员,从事海洋水域和海底地形、地貌、重力、磁力等测量的技术人员。,7.0,20.5,3
2-01-02-06,测绘地理信息工程技术人员,2,专业技术人员,从事地理信息数据采集、处理、建库、分析、应用与服务的技术人员。,7.8,19.0,15
2-01-02-99,其他测绘工程技术人员,2,专业技术人员,从事其他未分类测绘工程技术活动的人员。,7.5,18.5,5
2-01-03-01,矿山工程技术人员,2,专业技术人员,从事矿山开采设计、生产计划、技术管理与安全监控的工程技术人员。,6.0,21.0,18
2-01-03-02,石油天然气工程技术人员,2,专业技术人员,从事油气田勘探、开发、开采、储运等工程设计与管理的人员。,6.2,24.5,15
2-01-03-03,冶金工程技术人员,2,专业技术人员,从事金属冶炼、加工工艺设计、生产控制与技术改造的工程技术人员。,6.5,20.0,12
2-01-03-04,化工工程技术人员,2,专业技术人员,从事化工生产过程设计、工艺优化、设备选型与安全管理的技术人员。,6.8,19.8,28
2-01-03-05,机械工程技术人员,2,专业技术人员,从事机械产品设计、制造工艺规划、设备维护与自动化改造的技术人员。,7.0,18.5,95
2-01-03-06,航空工程技术人员,2,专业技术人员,从事飞机、航空器及其部件的设计、制造、测试与维护的工程技术人员。,6.5,26.0,10
2-01-03-07,航天工程技术人员,2,专业技术人员,从事航天器、运载火箭及相关系统的设计、研制、试验与发射的技术人员。,6.3,27.5,8
2-01-03-08,电子工程技术人员,2,专业技术人员,从事电子元器件、电路与系统的设计、开发、测试和应用的技术人员。,7.5,19.5,65
2-01-03-09,通信工程技术人员,2,专业技术人员,从事通信网络规划、设计、建设、运维与优化的工程技术人员。,7.2,21.0,45
2-01-03-10,计算机与应用工程技术人员,2,专业技术人员,从事计算机软硬件系统设计、开发、集成、测试与应用支持的技术人员。,8.2,23.5,320
2-01-03-11,电气工程技术人员,2,专业技术人员,从事电气设备、电力系统及自动化控制的设计、安装、调试与维护的技术人员。,6.7,18.0,55
2-01-03-12,电力工程技术人员,2,专业技术人员,从事发电、输变电、配电等电力系统的规划、设计、运行与维护的技术人员。,6.5,20.2,40
2-01-03-13,邮政工程技术人员,2,专业技术人员,从事邮政网络规划、自动化分拣系统、信息技术应用等工程设计与维护工作。,6.5,18.5,12
2-01-03-14,广播电影电视工程技术人员,2,专业技术人员,从事广播电视信号传输、节目制作技术、新媒体平台技术系统等工程设计、运维与研发。,7.0,20.8,15
2-01-03-15,交通工程技术人员,2,专业技术人员,从事道路、桥梁、交通规划、智能交通系统等交通基础设施的规划、设计、建设与管理工作。,6.0,22.5,35
2-01-03-16,民用航空工程技术人员,2,专业技术人员,从事飞机维护、适航管理、机场设施、空管系统等航空领域的技术保障与工程管理工作。,5.5,28.0,8
2-01-03-17,铁路工程技术人员,2,专业技术人员,从事铁路线路、机车车辆、信号通信、高速铁路等系统的设计、施工、维护与技术管理工作。,5.5,23.2,25
2-01-03-18,建筑工程技术人员,2,专业技术人员,从事建筑设计、结构计算、施工管理、BIM技术应用等建筑全过程的工程技术工作。,6.0,19.8,280
2-01-03-19,建材工程技术人员,2,专业技术人员,从事新型建筑材料研发、生产工艺改进、质量检测与控制、绿色建材应用等技术工作。,6.5,18.0,18
2-01-03-20,林业工程技术人员,2,专业技术人员,从事森林培育、资源调查、病虫害防治、林业机械、林产品加工等工程技术与管理。,5.5,16.5,10
2-01-03-21,水利工程技术人员,2,专业技术人员,从事水库、堤防、灌溉、防洪、水资源管理等水利工程的规划、设计、施工与运行维护。,5.5,20.5,22
2-01-03-22,海洋工程技术人员,2,专业技术人员,从事海洋资源开发、海洋平台、海底管线、海岸工程等海洋工程领域的设计、建造与技术服务。,6.0,26.5,6
2-01-03-23,水产工程技术人员,2,专业技术人员,从事水产养殖设施设计、渔业资源评估、水产品加工工艺、渔业装备研发等工程技术工作。,6.0,17.2,8
2-01-03-24,纺织工程技术人员,2,专业技术人员,从事纺织工艺设计、新产品开发、智能纺织装备应用、生产流程优化与质量控制等技术工作。,7.0,17.8,20
2-01-03-25,食品工程技术人员,2,专业技术人员,从事食品加工工艺研发、生产线设计、质量控制、安全检测与新产品开发等工程技术工作。,6.5,18.5,25
2-01-03-26,气象工程技术人员,2,专业技术人员,从事气象观测设备维护、数据质量控制、数值预报产品应用、气象服务系统开发等技术工作。,7.5,19.5,5
2-01-03-27,地震工程技术人员,2,专业技术人员,从事地震监测台网运行维护、数据分析处理、工程抗震设计咨询、灾害风险评估等技术工作。,6.5,20.0,3
2-01-03-28,环境保护工程技术人员,2,专业技术人员,从事环境污染治理工程设计、环境监测数据分析、生态修复技术应用、环保设施运营管理等。,6.0,19.2,40
2-01-03-29,安全工程技术人员,2,专业技术人员,从事安全生产风险评估、安全系统设计、事故预防与控制、应急预案制定与安全管理体系建设。,5.5,21.0,30
2-01-03-30,标准化、计量、质量工程技术人员,2,专业技术人员,从事标准制定、计量检定、质量管理体系建立、检测数据分析与质量改进等技术工作。,7.0,18.8,28
2-01-03-31,管理（工业）工程技术人员,2,专业技术人员,从事生产系统优化、流程再造、效率提升、精益管理、数据分析与决策支持等工程技术工作。,7.5,22.5,45
2-01-03-99,其他工程技术人员,2,专业技术人员,从事未分类的其他工程技术领域的设计、研发、应用、维护及技术管理工作。,6.5,19.0,150
2-01-04-01,农业技术指导人员,2,专业技术人员,向农民提供种植、养殖、病虫害防治等农业技术咨询、培训和现场指导服务。,4.5,9.8,45
2-01-04-02,作物遗传育种栽培技术人员,2,专业技术人员,从事农作物新品种选育、遗传改良、栽培技术研究与推广的专业人员。,5.5,12.5,8
2-01-04-03,园艺技术人员,2,专业技术人员,从事果树、蔬菜、花卉等园艺作物的生产管理、技术指导和品种培育工作。,4.0,10.2,25
2-01-04-04,植物保护技术人员,2,专业技术人员,从事农作物病虫害监测、预报、防治技术研究与推广，指导科学用药。,5.0,11.0,15
2-01-04-05,农业资源与环境技术人员,2,专业技术人员,从事土壤、水、气候等农业资源调查、评价、保护与可持续利用技术工作。,5.5,11.8,12
2-01-04-06,畜牧与草业技术人员,2,专业技术人员,从事畜禽饲养管理、品种改良、饲料营养、牧场规划及草业生产的技术指导。,4.5,10.5,30
2-01-04-07,兽医兽药技术人员,2,专业技术人员,从事动物疾病诊断、治疗、防疫，以及兽药研发、检验和使用的技术工作。,4.0,13.5,40
2-01-04-08,渔业技术人员,2,专业技术人员,从事水产养殖、捕捞、资源保护、水产品加工等技术指导与研发工作。,4.5,11.2,18
2-01-04-09,农业工程技术人员,2,专业技术人员,从事农业机械、设施农业、农田水利、农产品加工等工程技术研发与应用。,6.0,14.0,20
2-01-04-99,其他农业技术人员,2,专业技术人员,从事上述类别未涵盖的农业技术研究、推广、服务等相关专业工作。,5.0,10.0,35
2-01-05-01,飞机驾驶员,2,专业技术人员,驾驶民用航空器，负责飞行操作、安全管理和应急处置，需高度责任与判断力。,3.0,65.0,8
2-01-05-02,船舶指挥和引航人员,2,专业技术人员,指挥船舶航行、靠离泊，或在特定水域为船舶提供引航服务，确保航行安全。,3.5,28.0,6
2-01-05-03,飞行通信员,2,专业技术人员,负责航空器与地面之间的无线电通信联络，处理飞行信息，部分工作可自动化。,7.5,22.0,1.5
2-01-05-04,航空器领航员,2,专业技术人员,规划并引导航空器航线，计算航行参数。现代导航系统已高度自动化其核心工作。,8.0,24.0,0.8
2-01-05-05,飞行机械员,2,专业技术人员,监控和操作航空器机械系统，处理故障。现代飞机自动化程度高，角色在演变。,6.5,20.0,1.2
2-01-05-06,船舶轮机人员,2,专业技术人员,负责船舶动力装置、辅助机械的操作、监控、维护和修理工作。,5.0,18.0,12
2-01-05-07,船舶甲板设备操作人员,2,专业技术人员,操作和维护船舶甲板机械设备，如锚机、绞缆机、吊车等。,5.5,15.0,15
2-01-05-08,船舶机舱设备操作人员,2,专业技术人员,在轮机人员指导下，操作、监控和维护船舶机舱内的各种机械设备与系统。,6.0,16.5,18
2-01-05-99,其他飞行和船舶技术人员,2,专业技术人员,从事飞行或船舶相关的其他技术保障、设备维护、调度支持等专业工作。,5.5,19.0,10
2-01-06-01,西医医师,2,专业技术人员,运用现代医学理论技术，从事疾病诊断、治疗、预防以及健康管理的专业人员。,3.5,18.5,350
2-01-06-02,中医医师,2,专业技术人员,运用中医理论进行诊断、治疗和预防疾病，强调望闻问切和辨证论治。,3.5,18.5,65
2-01-06-03,中西医结合医师,2,专业技术人员,结合中医和西医理论与方法，对疾病进行综合诊断、治疗和康复。,4.0,19.2,15
2-01-06-04,民族医医师,2,专业技术人员,运用藏医、蒙医、维医等民族传统医学理论和方法进行诊疗活动。,3.0,16.8,5
2-01-06-05,公共卫生医师,2,专业技术人员,从事疾病预防控制、卫生监督、健康教育与促进等公共卫生服务。,5.5,17.5,25
2-01-06-06,药剂人员,2,专业技术人员,负责药品的调剂、制剂、检验、管理和用药指导，保障用药安全有效。,6.0,14.2,130
2-01-06-07,医疗技术人员,2,专业技术人员,操作医疗设备进行检验、影像、病理分析等，为临床诊断提供技术支持。,6.5,13.8,150
2-01-06-08,护理人员,2,专业技术人员,提供临床护理、健康指导、康复促进等，负责病人的日常照护与病情观察。,4.5,12.5,520
2-01-06-99,其他卫生专业技术人员,2,专业技术人员,包括康复技师、营养师、心理咨询师等，提供专业卫生技术支持与健康服务。,5.0,13.0,80
2-01-07-01,经济计划人员,2,专业技术人员,从事经济形势分析、发展规划编制、政策研究与评估等宏观管理工作。,7.0,18.0,40
2-01-07-02,统计人员,2,专业技术人员,负责数据收集、整理、分析、解释和发布，撰写统计报告，提供决策依据。,8.0,15.5,60
2-01-07-03,会计人员,2,专业技术人员,进行会计核算、账务处理、编制财务报表，负责税务申报与成本管理等。,7.5,14.8,450
2-01-07-04,审计人员,2,专业技术人员,对财务收支、经济活动进行独立审查与评价，监督内部控制与合规性。,7.0,17.2,35
2-01-07-05,国际商务人员,2,专业技术人员,从事国际贸易、跨国投资、国际市场开拓、商务谈判与跨境项目管理。,6.0,19.5,55
2-01-07-99,其他经济业务人员,2,专业技术人员,包括市场营销、采购、物流、人力资源等领域的专业经济管理与运营人员。,6.5,15.0,120
2-01-08-01,金融业务人员,2,专业技术人员,在银行、证券、基金等机构从事信贷、交易、投资、风险管理等业务。,7.0,22.0,380
2-01-08-02,保险业务人员,2,专业技术人员,从事保险产品销售、核保、理赔、客户服务及风险管理等工作。,6.5,16.5,320
2-01-08-99,其他金融业务人员,2,专业技术人员,包括金融科技、支付结算、信托、租赁等新兴或细分金融领域的专业人员。,7.2,18.8,90
2-01-09-01,法律专业人员,2,专业技术人员,提供法律咨询、代理诉讼、起草法律文件、进行法律研究与合规审查。,5.0,20.5,85
2-01-09-02,公证员,2,专业技术人员,依法证明法律行为、有法律意义的事实和文书的真实性、合法性。,5.5,16.0,1.5
2-01-09-03,司法鉴定人员,2,专业技术人员,运用科学技术或专门知识，对诉讼涉及的专门性问题进行鉴别和判断。,6.0,15.2,8
2-01-09-99,其他法律专业人员,2,专业技术人员,从事法律咨询、文书起草、合规审查等辅助性法律工作,7.5,18.5,45
2-01-10-01,高等教育教师,2,专业技术人员,从事大学及研究生课程教学、科研、学术指导工作,6.0,22.5,220
2-01-10-02,中等职业教育教师,2,专业技术人员,从事职业高中、技校等专业技能课程教学与实训指导,6.5,16.8,85
2-01-10-03,中小学教育教师,2,专业技术人员,从事基础教育阶段学科教学、学生管理与德育工作,5.5,15.2,1250
2-01-10-04,幼儿教育教师,2,专业技术人员,从事3-6岁幼儿保育、启蒙教育、游戏活动组织与家园沟通,4.5,10.5,320
2-01-10-05,特殊教育教师,2,专业技术人员,针对身心障碍学生开展个性化教学、康复训练与心理支持,4.0,14.8,8.5
2-01-10-06,其他教学人员,2,专业技术人员,从事培训、辅导、教育技术等非学校常规教学岗位工作,6.8,13.5,65
2-01-11-01,体育教练,2,专业技术人员,指导运动员或学员进行专项体育训练、制定训练计划与比赛策略,5.0,14.2,28
2-01-11-02,裁判员,2,专业技术人员,依据规则对体育赛事进行判罚、计分与现场执裁,7.0,9.8,3.2
2-01-11-03,运动员,2,专业技术人员,从事专业体育训练与比赛，追求竞技成绩与运动表现,3.5,18.5,5.5
2-01-11-99,其他体育工作人员,2,专业技术人员,从事体育管理、赛事组织、场馆运营、体能康复等辅助工作,6.5,11.2,18
2-01-12-01,文学作家,2,专业技术人员,从事小说、散文、诗歌等文学创作与文本撰写,7.8,12.5,6.5
2-01-12-02,曲艺作家,2,专业技术人员,创作相声、评书、快板等曲艺表演脚本与台词,7.5,10.8,1.8
2-01-12-03,剧作家,2,专业技术人员,创作话剧、影视剧、舞台剧等剧本与戏剧文本,7.2,13.2,2.5
2-01-12-04,作曲家,2,专业技术人员,创作音乐旋律、编曲、配器，完成音乐作品谱写,7.0,14.5,3.2
2-01-12-05,词作家,2,专业技术人员,创作歌曲歌词、广告文案、朗诵文本等韵文或文字内容,8.0,11.5,2.8
2-01-12-06,导演,2,专业技术人员,负责影视、戏剧等艺术作品的创意构思、现场指导与整体把控,6.0,25.5,4.5
2-01-12-07,演员,2,专业技术人员,通过表演塑造角色，参与影视、戏剧、综艺等演出活动,5.5,22.8,12
2-01-12-08,乐器演奏员,2,专业技术人员,从事专业乐器演奏，参与演出、录音、教学等工作,6.5,13.8,8.5
2-01-12-09,电影电视制作专业人员,2,专业技术人员,从事影视剪辑、特效、录音、摄影等后期制作与技术工作,7.2,19.5,35
2-01-12-10,舞台专业人员,2,专业技术人员,负责舞台表演、导演、设计、灯光音响等现场艺术呈现与执行工作。,3.5,12.5,8.5
2-01-12-11,美术专业人员,2,专业技术人员,从事绘画、雕塑、设计等视觉艺术创作、教学与研究。,5.5,14.2,32
2-01-12-12,工艺美术专业人员,2,专业技术人员,从事传统手工艺、装饰艺术、工艺品设计与制作。,4.5,13.8,28
2-01-12-13,记者,2,专业技术人员,从事新闻采访、调查、信息收集与初步稿件撰写工作。,7.5,18.6,22
2-01-12-14,编辑,2,专业技术人员,负责稿件内容策划、审核、修改、校对与发布流程管理。,8.2,19.3,18
2-01-12-15,校对员,2,专业技术人员,专职对文字稿件进行错别字、语法、格式等规范性检查与修正。,9.2,11.2,6.5
2-01-12-16,播音员及节目主持人,2,专业技术人员,从事广播电视节目的播音、主持、现场把控与互动工作。,4.8,21.5,5.5
2-01-12-17,翻译,2,专业技术人员,从事书面或口头的语言转换、本地化及跨文化沟通工作。,8.8,16.8,45
2-01-12-18,图书资料与微缩摄影专业人员,2,专业技术人员,从事图书档案数字化、编目、检索系统管理与微缩技术处理。,8.5,13.5,12
2-01-12-19,档案业务人员,2,专业技术人员,负责档案收集、整理、保管、鉴定、利用与数字化管理工作。,7.8,12.8,15
2-01-12-20,考古及文物保护专业人员,2,专业技术人员,从事田野考古发掘、文物鉴定、修复、保护与研究。,3.8,15.5,4.2
2-01-12-99,其他文学艺术、体育工作人员,2,专业技术人员,涵盖文学创作、文艺评论、体育教练等文化体育相关专业工作。,4.2,13.2,40
2-01-13-01,宗教教职人员,2,专业技术人员,从事宗教仪式主持、教义阐释、信众服务与社区精神关怀。,1.5,8.5,12
2-06-01-06,地理国情监测工程技术人员,2,专业技术人员,利用遥感、GIS等技术进行地理信息采集、监测分析与评估。,6.8,17.2,3.8
2-06-01-07,导航与位置服务工程技术人员,2,专业技术人员,从事北斗/GPS等定位系统开发、位置服务应用与数据处理。,7.2,20.5,6.5
2-06-02-01,地质调查员,2,专业技术人员,从事野外地质勘查、样品采集、地质图绘制与初步分析。,5.5,16.2,5.2
2-06-02-02,矿产勘查员,2,专业技术人员,负责矿产资源调查、勘探设计、钻探管理与储量评估。,5.8,17.8,4.5
2-06-02-03,水工环地质工程技术人员,2,专业技术人员,从事水文地质、工程地质、环境地质调查评价与治理设计。,6.2,18.5,4
2-06-02-04,地球物理地球化学勘查工程技术人员,2,专业技术人员,利用物探、化探方法进行地下结构、矿产及环境探测与解释。,6.5,19.2,2.8
2-06-02-05,地质实验员,2,专业技术人员,负责岩石、矿物、土壤、水样等实验测试、数据分析与报告编制。,7.5,14.5,3.5
2-06-02-06,地质测绘工程技术人员,2,专业技术人员,负责地质调查、地形测绘、空间数据采集与分析，为资源勘探和工程建设提供基础数据。,6.5,18.5,12
2-06-02-07,地质钻探工程技术人员,2,专业技术人员,设计并指导地质钻探作业，获取岩心样品，分析地下地质构造与矿产资源分布。,5.5,17.8,8
2-06-03-01,采矿工程技术人员,2,专业技术人员,设计采矿方案，规划生产系统，优化开采工艺，确保矿山安全、高效、经济开采。,6.0,19.2,15
2-06-03-02,矿山通风工程技术人员,2,专业技术人员,负责矿山通风系统设计、安全监测与灾害预防，保障井下作业环境安全与空气质量。,5.0,18.0,5
2-06-03-03,选矿工程技术人员,2,专业技术人员,研究矿物分选工艺，设计选矿流程，优化设备参数，提高矿产资源回收率与精矿品位。,6.5,18.8,6
2-06-03-04,矿物加工工程技术人员,2,专业技术人员,从事矿物深加工技术研发与工艺设计，生产高附加值矿物材料或化工产品。,6.5,19.0,7
2-06-04-01,石油开采工程技术人员,2,专业技术人员,设计油田开发方案，优化采油工艺，管理生产井，提高原油采收率与生产效率。,6.0,22.5,10
2-06-04-02,天然气开采工程技术人员,2,专业技术人员,负责气田开发设计、钻井与完井工程、采气工艺优化及气井生产维护管理。,6.0,22.8,8
2-06-04-03,海洋油气开采工程技术人员,2,专业技术人员,从事海上平台油气开采方案设计、水下生产系统管理及海洋环境适应性工程技术工作。,5.5,26.0,3
2-06-04-04,非常规油气开采工程技术人员,2,专业技术人员,专注于页岩油气、煤层气等非常规资源的勘探开发技术研究、工艺设计及现场应用。,6.5,23.5,4
2-06-05-02,金属材料工程技术人员,2,专业技术人员,研发金属材料成分、工艺与性能，进行材料测试、失效分析及新产品开发应用。,6.5,20.5,18
2-06-05-03,冶金热能工程技术人员,2,专业技术人员,负责冶金过程热能系统设计、优化与节能技术应用，管理工业炉窑及余热回收。,6.0,19.5,9
2-06-05-04,耐火材料工程技术人员,2,专业技术人员,从事耐火材料配方研发、生产工艺设计、性能检测及在冶金、建材等高温工业的应用。,6.0,18.2,6
2-06-06-01,化工实验工程技术人员,2,专业技术人员,在实验室进行化工新产品、新工艺的研发实验，分析测试数据，撰写实验报告。,7.0,18.0,22
2-06-06-02,化工设计工程技术人员,2,专业技术人员,负责化工工艺流程、设备布置及工厂的工程设计，绘制图纸，编制技术文件。,6.5,21.0,15
2-06-06-03,化工生产工程技术人员,2,专业技术人员,管理化工生产装置运行，优化工艺参数，处理生产异常，确保安全、稳定、高效生产。,6.0,19.8,25
2-06-06-04,化学工程技术人员,2,专业技术人员,从事化学工程领域的技术开发、工艺放大、过程模拟与优化，解决工程实际问题。,6.5,20.2,20
2-06-06-05,化工安全工程技术人员,2,专业技术人员,负责化工生产过程的风险评估、安全管理体系建立、应急预案制定与安全培训。,5.0,20.5,8
2-06-07-01,机械设计工程技术人员,2,专业技术人员,从事机械设备、零部件或系统的方案设计、结构设计、仿真分析与图纸绘制工作。,7.0,21.5,45
2-06-07-02,机械制造工程技术人员,2,专业技术人员,负责机械制造工艺规划、工装夹具设计、生产现场技术问题解决及工艺改进。,6.5,20.0,40
2-06-07-03,仪器仪表工程技术人员,2,专业技术人员,从事仪器仪表的设计、研发、测试、校准与维护工作，确保测量精度与系统稳定。,6.5,18.5,45
2-06-07-04,设备工程技术人员,2,专业技术人员,负责生产设备的规划、选型、安装调试、维护保养与技术改造，保障生产运行。,6.0,17.8,120
2-06-07-05,模具设计工程技术人员,2,专业技术人员,使用CAD/CAE软件进行模具结构设计、分析与优化，解决制造中的工艺问题。,7.0,19.2,38
2-06-07-06,铸造工程技术人员,2,专业技术人员,负责铸造工艺设计、材料选择、模具开发、生产过程控制与缺陷分析。,6.0,16.5,25
2-06-07-07,锻压工程技术人员,2,专业技术人员,从事锻压工艺规划、模具设计、设备参数设定、质量控制与工艺优化。,6.0,17.0,22
2-06-07-08,焊接工程技术人员,2,专业技术人员,制定焊接工艺规程，选择焊接材料与方法，进行质量检测与工艺改进。,5.5,16.8,30
2-06-07-09,热处理工程技术人员,2,专业技术人员,负责热处理工艺设计、炉温控制、金相组织分析与性能优化，提升材料性能。,6.5,17.2,18
2-06-07-10,表面处理工程技术人员,2,专业技术人员,从事电镀、喷涂、氧化等表面处理工艺开发、流程控制与环保技术应用。,6.0,16.3,20
2-06-08-01,汽车工程技术人员,2,专业技术人员,从事汽车整车或零部件设计、研发、测试、生产工艺规划与技术支持。,6.5,22.0,85
2-06-08-02,船舶工程技术人员,2,专业技术人员,负责船舶设计、结构计算、建造工艺制定、设备选型与性能测试。,6.0,20.5,15
2-06-08-05,轨道交通工程技术人员,2,专业技术人员,从事轨道线路、信号、车辆或供电系统的设计、施工、维护与技术管理。,5.5,21.5,28
2-06-08-06,机车车辆工程技术人员,2,专业技术人员,负责机车或车辆的设计、制造、调试、维修与技术创新工作。,6.0,20.8,12
2-06-08-07,船舶制造工程技术人员,2,专业技术人员,负责船舶建造工艺规划、生产流程管理、现场技术问题解决与质量控制。,5.5,19.8,16
2-06-08-08,航空器制造工程技术人员,2,专业技术人员,从事飞机结构、系统装配工艺设计、工装设计、生产过程控制与精度管理。,6.0,26.0,10
2-06-08-09,航天器制造工程技术人员,2,专业技术人员,负责航天器总装、精密制造工艺开发、特殊材料处理与高可靠性保障。,5.5,27.5,4
2-06-09-01,武器系统设计工程技术人员,2,专业技术人员,从事武器系统总体设计、性能分析、仿真测试与集成验证，涉及多学科交叉。,5.0,24.0,8
2-06-09-02,弹药工程技术人员,2,专业技术人员,负责弹药设计、装药工艺、安全性评估、性能测试与储存技术研究。,6.0,21.0,6
2-06-09-03,火炸药工程技术人员,2,专业技术人员,从事火炸药配方研发、合成工艺设计、性能测试、安全生产与环保处理。,6.5,20.5,5
2-06-09-04,防化工程技术人员,2,专业技术人员,负责化学防护技术、洗消装备、监测系统研发与核生化防御技术应用。,5.0,19.5,7
2-06-10-01,电子材料工程技术人员,2,专业技术人员,从事半导体、磁性、光电等电子材料的研发、制备工艺优化与性能表征。,7.0,23.5,25
2-06-10-02,电子元器件工程技术人员,2,专业技术人员,从事电子元器件设计、制造、测试、应用与可靠性分析的专业技术工作。,6.5,22.5,45
2-06-10-03,雷达导航工程技术人员,2,专业技术人员,从事雷达、导航与制导系统的研究、设计、开发、测试和维护的专业技术工作。,6.0,26.0,12
2-06-10-05,广播电视传输覆盖工程技术人员,2,专业技术人员,从事广播电视信号传输、发射、覆盖网络规划、建设、运维与优化的技术工作。,5.5,20.0,18
2-06-10-06,计算机硬件工程技术人员,2,专业技术人员,从事计算机及外部设备、芯片等硬件的设计、开发、测试、维护与技术支持工作。,7.0,28.0,35
2-06-10-07,计算机软件工程技术人员,2,专业技术人员,从事软件系统需求分析、设计、编程、测试、维护及项目管理等工作。,8.5,32.0,320
2-06-10-08,计算机网络工程技术人员,2,专业技术人员,从事计算机网络系统的规划、设计、建设、集成、运维、管理与安全保障工作。,7.5,27.0,80
2-06-10-09,信息安全工程技术人员,2,专业技术人员,从事信息系统安全防护体系设计、安全评估、渗透测试、应急响应与安全管理。,6.0,33.0,60
2-06-10-10,信息系统分析工程技术人员,2,专业技术人员,从事信息系统业务需求分析、架构设计、方案制定、项目实施与流程优化工作。,7.5,30.0,55
2-06-10-11,人工智能工程技术人员,2,专业技术人员,从事人工智能算法研究、模型开发、系统设计、应用实现与性能优化工作。,4.0,40.0,50
2-06-10-12,云计算工程技术人员,2,专业技术人员,从事云计算平台架构设计、系统部署、运维管理、资源调度与服务开发工作。,7.0,35.0,40
2-06-10-13,大数据工程技术人员,2,专业技术人员,从事大数据平台构建、数据采集、存储计算、处理分析、可视化与应用开发。,7.5,34.0,45
2-06-10-14,区块链工程技术人员,2,专业技术人员,从事区块链底层技术开发、智能合约编写、应用系统设计与安全审计工作。,6.5,36.0,15
2-06-10-15,集成电路工程技术人员,2,专业技术人员,从事集成电路设计、制造、封装、测试、工艺开发与可靠性分析的专业工作。,6.0,30.0,40
2-06-10-16,物联网工程技术人员,2,专业技术人员,从事物联网系统架构设计、终端设备开发、网络通信、平台集成与应用实施。,7.0,29.0,50
2-06-10-17,数字化管理师,2,专业技术人员,利用数字化工具进行企业运营流程梳理、数据分析、系统协同与效率优化管理。,7.5,24.0,100
2-06-10-18,智能制造工程技术人员,2,专业技术人员,从事智能工厂规划、智能产线设计、工业机器人集成、制造执行系统开发与运维。,6.0,28.0,60
2-06-10-19,工业互联网工程技术人员,2,专业技术人员,从事工业互联网平台搭建、数据采集、边缘计算、应用开发与产业生态构建。,6.5,31.0,35
2-06-10-20,虚拟现实工程技术人员,2,专业技术人员,从事虚拟现实/增强现实系统设计、内容开发、引擎应用、交互设计与性能优化。,6.5,32.0,20
2-06-10-21,增材制造工程技术人员,2,专业技术人员,从事3D打印等增材制造工艺研发、设备操作维护、模型设计、材料应用与后处理。,5.5,26.0,18
2-02-01-06,测绘航空摄影工程技术人员,2,专业技术人员,从事航空摄影测量、遥感影像处理、空间信息提取、三维建模与测绘产品制作。,7.0,23.0,15
2-02-01-07,地理信息系统工程技术人员,2,专业技术人员,从事地理信息数据采集、处理、分析、系统开发与应用的专业技术人员。,7.5,18.5,8.5
2-02-02-01,地质调查工程技术人员,2,专业技术人员,从事区域地质、矿产地质等野外调查、资料编录与综合研究的专业技术人员。,6.0,17.2,6.8
2-02-02-02,矿产地质工程技术人员,2,专业技术人员,从事矿产资源勘查、评价、储量计算与开发设计的专业技术人员。,6.2,18.0,7.2
2-02-02-03,水文地质工程技术人员,2,专业技术人员,从事地下水勘查、评价、水资源管理与保护的专业技术人员。,6.5,17.8,5.5
2-02-02-04,工程地质工程技术人员,2,专业技术人员,从事工程建设场地地质条件勘察、评价与地质灾害防治的专业技术人员。,6.3,18.2,8.0
2-02-02-05,环境地质工程技术人员,2,专业技术人员,从事地质环境调查、评价、监测与保护修复的专业技术人员。,6.8,17.5,4.5
2-02-02-06,地球物理勘查工程技术人员,2,专业技术人员,运用物理方法进行地质构造、矿产资源等探测与解释的专业技术人员。,7.0,18.8,4.0
2-02-02-07,地球化学勘查工程技术人员,2,专业技术人员,运用化学方法进行元素分布、异常识别与矿产勘查的专业技术人员。,7.2,18.3,3.2
2-02-02-08,地质实验测试工程技术人员,2,专业技术人员,从事岩石、矿物、土壤、水样等实验分析、测试与质量控制的专业技术人员。,7.8,16.5,3.8
2-02-03-01,海洋调查与监测工程技术人员,2,专业技术人员,从事海洋水文、气象、化学、生物等要素调查与监测的专业技术人员。,6.5,19.5,2.5
2-02-03-02,海洋预报工程技术人员,2,专业技术人员,从事海洋环境（如海浪、潮汐、海温）预报、预警与产品制作的专业技术人员。,7.5,20.2,1.8
2-02-03-03,海洋资源开发利用和保护工程技术人员,2,专业技术人员,从事海洋资源（如能源、生物）开发技术研究、利用规划与生态保护的专业人员。,6.0,19.0,3.0
2-02-03-04,海洋环境工程技术人员,2,专业技术人员,从事海洋环境污染防治、生态修复与工程设计的专业技术人员。,6.7,18.7,2.2
2-02-04-01,气象观测工程技术人员,2,专业技术人员,从事地面、高空、雷达等气象数据采集、质量控制与设备维护的专业技术人员。,7.5,16.8,4.5
2-02-04-02,天气预报工程技术人员,2,专业技术人员,从事天气分析、数值预报解释、预报产品制作与发布的专业技术人员。,7.8,19.8,3.2
2-02-04-03,气候监测预测工程技术人员,2,专业技术人员,从事气候系统监测、诊断、预测与影响评估的专业技术人员。,7.6,19.5,2.0
2-02-04-04,气象服务工程技术人员,2,专业技术人员,从事气象信息加工、专业服务产品开发与应用的专业技术人员。,6.5,18.0,3.5
2-02-04-05,人工影响天气工程技术人员,2,专业技术人员,从事人工增雨、防雹等作业方案设计、效果评估与技术支持的专业人员。,6.2,18.5,1.5
2-02-05-01,地震监测预测工程技术人员,2,专业技术人员,从事地震数据监测、处理、分析与地震预测研究的专业技术人员。,7.4,18.2,2.8
2-02-05-02,地震灾害防御工程技术人员,2,专业技术人员,从事地震危险性评估、抗震设防、灾害风险防治与应急的专业技术人员。,6.0,17.5,3.5
2-02-05-03,地震应急救援工程技术人员,2,专业技术人员,负责地震灾害现场的紧急救援方案制定、技术指导与生命探测、结构安全评估等工作。,3.5,18.5,2.5
2-02-06-01,土地整治工程技术人员,2,专业技术人员,从事土地整理、复垦、生态修复等工程的规划、设计、施工管理与技术指导。,5.5,16.2,8.5
2-02-06-02,土地利用工程技术人员,2,专业技术人员,负责土地利用规划、用途管制、空间布局优化及项目用地审查等技术工作。,5.0,16.5,9.2
2-02-06-03,土地评价工程技术人员,2,专业技术人员,从事土地资源资产价值评估、分等定级、市场分析与估价报告编制等工作。,6.5,17.0,6.8
2-02-09-02,矿山通风安全工程技术人员,2,专业技术人员,负责矿山通风系统设计、瓦斯防治、粉尘控制与安全监测预警等技术管理。,4.0,19.8,4.2
2-02-09-03,矿山机电工程技术人员,2,专业技术人员,从事矿山机械设备、电气系统的选型、安装、维护、故障诊断与技术改造。,5.0,19.5,5.5
2-02-10-01,石油天然气开采工程技术人员,2,专业技术人员,负责油气田开发方案设计、钻井采油工艺优化、增产措施制定与现场技术管理。,4.5,24.5,6.0
2-02-10-02,石油天然气储运工程技术人员,2,专业技术人员,从事油气长输管道、储罐等设施的规划、设计、运行维护、安全监控与完整性管理。,5.5,23.0,4.8
2-02-10-03,石油天然气炼制工程技术人员,2,专业技术人员,负责炼油化工工艺流程优化、装置操作指导、产品质量控制与新技术应用研发。,6.0,22.5,5.2
2-02-15-01,兵器工程技术人员,2,专业技术人员,从事武器装备系统设计、试验鉴定、生产制造工艺研究及技术保障等工作。,4.0,21.0,3.5
2-02-16-01,核工程技术人员,2,专业技术人员,负责核电站系统设计、运行维护、辐射防护、核安全监管与废物处理技术工作。,3.5,25.5,2.8
2-01-01-09,管理学研究人员,2,专业技术人员,从事管理理论、方法、模型的研究，为企业或公共组织提供战略与运营决策支持。,7.5,18.0,12.5
2-01-01-10,马克思主义理论研究人员,2,专业技术人员,从事马克思主义基本原理、中国化理论成果的研究、阐释、教学与宣传教育工作。,2.5,16.8,4.5
2-01-01-11,体育科学研究人员,2,专业技术人员,从事运动训练学、体育心理学、运动生物力学及体育政策与发展战略研究。,5.0,17.5,3.2
2-01-01-12,宗教学研究人员,2,专业技术人员,从事宗教历史、经典、哲学思想、现状与社会关系的研究、教学与学术交流。,3.0,15.5,1.8
2-01-01-13,考古学研究人员,2,专业技术人员,从事田野考古调查发掘、文物鉴定保护、古代社会文化与历史遗存的研究阐释。,4.0,16.0,2.2
2-01-01-14,语言学研究人员,2,专业技术人员,从事语言结构、演变、计算语言学、社会语言学及自然语言处理的基础与应用研究。,6.5,17.2,3.5
2-01-01-15,心理学研究人员,2,专业技术人员,从事认知、发展、社会、临床等心理学领域的基础理论、实验与应用对策研究。,5.5,18.2,4.0
2-01-01-16,文化学研究人员,2,专业技术人员,从事文化理论、文化遗产、文化产业、跨文化交流及文化政策与发展战略研究。,4.5,16.5,3.0
2-01-01-17,新闻学、传播学研究人员,2,专业技术人员,从事新闻传播理论、媒介效果、舆论引导、新媒体技术与传播政策研究及教学。,7.0,18.8,5.5
2-01-01-18,政治学、国际问题研究人员,2,专业技术人员,研究政治理论、国际关系、外交政策，撰写报告，提供决策咨询。,4.5,18.5,2.5
2-01-01-19,民族学研究人员,2,专业技术人员,研究民族文化、社会结构、历史变迁，进行田野调查与理论分析。,4.0,17.5,1.2
2-01-01-20,统计学研究人员,2,专业技术人员,研究统计理论与方法，开发模型，分析数据，为决策提供量化依据。,7.5,22.0,3.0
2-01-01-21,数据科学研究人员,2,专业技术人员,研究数据挖掘、机器学习算法，构建预测模型，解决复杂数据问题。,8.5,35.0,8.0
2-01-02-09,药学研究人员,2,专业技术人员,从事药物发现、药效评估、药理毒理研究及新药开发流程管理。,6.0,26.0,6.5
2-01-02-10,材料科学研究人员,2,专业技术人员,研究材料成分、结构、性能，开发新型功能材料与制备工艺。,6.5,24.0,5.0
2-01-02-11,能源科学研究人员,2,专业技术人员,研究能源转换、存储、高效利用技术及新能源开发与政策。,6.0,23.5,4.0
2-01-02-12,环境科学研究人员,2,专业技术人员,研究环境污染机理、生态保护、环境评估及可持续发展策略。,5.5,21.0,4.5
2-01-02-13,信息与通信工程研究人员,2,专业技术人员,研究通信理论、网络架构、信号处理及新一代信息技术。,7.0,28.0,12.0
2-01-02-14,计算机科学技术研究人员,2,专业技术人员,研究计算机体系结构、软件理论、人工智能基础算法与系统。,8.0,32.0,15.0
2-01-02-15,测绘科学技术研究人员,2,专业技术人员,研究地理信息获取、处理、分析技术及遥感、导航应用。,7.0,20.5,3.5
2-01-02-16,海洋科学研究人员,2,专业技术人员,研究海洋物理、化学、生物过程，资源勘探及海洋环境保护。,5.0,22.5,1.8
2-01-02-17,大气科学研究人员,2,专业技术人员,研究大气物理化学过程、天气气候预报模型及气候变化。,6.0,21.5,1.5
2-01-02-18,系统科学、系统工程师研究人员,2,专业技术人员,研究复杂系统理论、系统工程方法，进行系统建模与优化设计。,7.5,26.5,4.0
2-01-02-19,力学研究人员,2,专业技术人员,研究固体、流体、工程力学理论，进行仿真分析与实验验证。,6.5,23.0,2.5
2-01-02-20,核科学技术研究人员,2,专业技术人员,研究核能利用、核技术应用、辐射防护及核安全。,5.5,27.0,2.0
2-01-02-21,光学工程研究人员,2,专业技术人员,研究光学设计、光电子技术、激光应用及光电系统集成。,6.5,24.5,2.2
2-01-02-22,仪器科学与技术研究人员,2,专业技术人员,研究精密仪器设计、传感技术、测量理论与自动化检测系统。,7.0,22.0,3.0
2-01-02-23,冶金工程技术研究人员,2,专业技术人员,研究金属提取、冶炼工艺、材料加工及冶金过程优化控制。,6.0,21.0,3.5
2-01-02-24,机械工程研究人员,2,专业技术人员,研究机械设计理论、制造工艺、自动化装备及机器人技术。,6.5,22.5,8.0
2-01-02-25,动力工程及工程热物理研究人员,2,专业技术人员,从事能源转换、动力系统、热能工程等领域的基础与应用研究。,6.5,28.5,8.5
2-01-02-26,电气工程研究人员,2,专业技术人员,从事电力系统、电机电器、电力电子、新能源发电等领域的理论与技术研究。,7.0,29.2,12.3
2-01-02-27,电子科学与技术研究人员,2,专业技术人员,从事微电子、光电子、物理电子、电路与系统等领域的材料、器件与系统研究。,7.5,30.1,15.7
2-01-02-28,控制科学与工程研究人员,2,专业技术人员,从事系统控制、模式识别、智能系统、导航制导等领域的理论与算法研究。,7.8,29.8,9.8
2-01-02-29,土木工程研究人员,2,专业技术人员,从事建筑结构、岩土工程、桥梁隧道、防灾减灾等领域的理论与技术研究。,6.0,27.8,18.2
2-01-02-30,水利工程研究人员,2,专业技术人员,从事水资源、水工结构、水文水利、河口海岸等领域的规划、设计与研究。,6.2,27.2,7.5
2-01-02-31,化学工程与技术研究人员,2,专业技术人员,从事化工过程、反应工程、分离技术、材料化工等领域的工艺开发与优化研究。,6.8,28.1,11.4
2-01-02-32,地质资源与地质工程研究人员,2,专业技术人员,从事矿产资源勘查、地质勘探技术、工程地质、地质灾害防治等领域的研究。,5.5,26.5,6.8
2-01-02-33,矿业工程研究人员,2,专业技术人员,从事采矿方法、矿山安全、矿物加工、矿业经济等领域的理论与技术研究。,5.8,27.0,5.2
2-01-02-34,石油与天然气工程研究人员,2,专业技术人员,从事油气勘探、油气田开发、油气储运、石油化工等领域的理论与技术研究。,6.3,31.5,6.5
2-01-02-35,纺织科学与工程研究人员,2,专业技术人员,从事纺织材料、纺织工艺、纺织化学与染整、服装工程等领域的技术研发。,6.5,24.8,4.1
2-01-02-36,轻工技术与工程研究人员,2,专业技术人员,从事食品、造纸、皮革、日化等轻工领域的工艺、装备与产品研发。,6.7,25.3,5.6
2-01-02-37,交通运输工程研究人员,2,专业技术人员,从事道路、铁路、航空、水路等交通系统的规划、设计、管理与智能化研究。,6.9,28.7,10.3
2-01-02-38,船舶与海洋工程研究人员,2,专业技术人员,从事船舶设计、海洋结构物、海洋资源开发、水下技术等领域的理论与技术研究。,6.4,29.5,3.9
2-01-02-39,航空宇航科学与技术研究人员,2,专业技术人员,从事飞行器设计、推进技术、航天器系统、制导导航等领域的尖端技术研究。,7.2,32.8,4.5
2-01-02-40,兵器科学与技术研究人员,2,专业技术人员,从事武器系统、弹药工程、防护技术、信息对抗等领域的国防科技研究。,6.0,30.2,3.2
2-01-02-41,农业工程研究人员,2,专业技术人员,从事农业机械化、农业水土工程、农业生物环境与能源、农业信息化等研究。,6.6,25.6,6.3
2-01-02-42,林业工程研究人员,2,专业技术人员,从事森林工程、木材科学与技术、林产化学加工、林业装备等领域的研发工作。,6.1,24.9,3.5
2-01-02-43,环境科学与工程研究人员,2,专业技术人员,从事环境污染控制、环境监测、生态修复、环境规划与管理等领域的研究。,6.7,26.9,9.7
2-01-02-44,生物医学工程研究人员,2,专业技术人员,从事医疗仪器、生物材料、医学影像、生物信息学等医工交叉领域的研究与开发。,7.4,31.2,8.1
2-01-02-45,食品科学与工程研究人员,2,专业技术人员,从事食品成分、加工工艺、安全与营养等基础与应用研究，开发新型食品。,4.5,22.5,8.5
2-01-02-46,城乡规划学研究人员,2,专业技术人员,研究城市与乡村空间发展规律，进行规划理论与方法创新，为政策制定提供依据。,5.0,24.8,6.2
2-01-02-47,风景园林学研究人员,2,专业技术人员,研究园林景观的生态、美学、文化及规划设计理论，探索人与自然和谐共生模式。,4.8,23.7,4.8
2-01-02-48,软件工程研究人员,2,专业技术人员,研究软件开发方法学、架构设计、质量保证及项目管理等理论与前沿技术。,7.8,38.5,85.0
2-01-02-49,生物工程研究人员,2,专业技术人员,利用工程学原理研究生物系统，从事生物制药、生物制造、合成生物学等前沿探索。,5.5,28.3,12.0
2-01-02-50,安全科学与工程研究人员,2,专业技术人员,研究事故致因理论、风险评估、安全监测与应急技术，提升各行业本质安全水平。,5.2,26.1,9.5
2-01-02-51,公安技术研究人员,2,专业技术人员,研究刑侦技术、网络安全监控、公共安全防范与应急处置等领域的专业技术与方法。,4.0,27.9,5.5
2-01-02-52,网络空间安全研究人员,2,专业技术人员,研究网络攻防技术、密码应用、漏洞分析、隐私保护及安全体系架构等理论与技术。,7.5,36.2,25.0
2-01-02-53,集成电路科学与工程研究人员,2,专业技术人员,研究集成电路设计、制造工艺、材料、EDA工具及先进封装测试等核心技术与理论。,6.5,35.8,18.0
2-01-02-54,智能科学与技术研究人员,2,专业技术人员,研究机器学习、自然语言处理、计算机视觉、智能体等人工智能核心理论与算法。,8.2,42.0,15.0
2-01-02-55,纳米科学与工程研究人员,2,专业技术人员,研究纳米材料的制备、性能表征、器件集成及其在能源、生物医学等领域的应用。,6.0,31.5,7.0
2-01-02-56,遥感科学与技术研究人员,2,专业技术人员,研究遥感信息获取、处理、解译与应用模型，服务于资源环境监测、防灾减灾等领域。,7.0,29.8,6.5
2-01-02-57,密码科学技术研究人员,2,专业技术人员,研究密码算法设计、分析、协议安全、后量子密码及密码系统实现等理论与技术。,7.3,34.5,3.5
2-01-02-58,量子科学与技术研究人员,2,专业技术人员,研究量子信息、量子计算、量子通信、量子精密测量等前沿领域的理论与实验技术。,6.8,40.2,2.0
2-01-02-59,人工智能研究人员,2,专业技术人员,致力于推动人工智能前沿理论、模型与算法创新，探索通用人工智能等方向。,8.5,45.5,12.5
2-01-02-60,智能制造工程研究人员,2,专业技术人员,研究智能工厂、数字孪生、工业互联网、先进制造系统等智能制造关键技术与系统。,7.2,33.0,14.0
2-01-02-61,机器人工程研究人员,2,专业技术人员,研究机器人感知、控制、决策、人机交互及集群协作等核心技术与系统集成。,7.0,32.5,10.5
2-01-02-62,数据科学与大数据技术研究人员,2,专业技术人员,研究大数据管理、分析挖掘、可视化及价值发现的理论、模型、算法与系统。,8.0,39.8,22.0
2-01-02-63,网络工程研究人员,2,专业技术人员,研究新型网络架构、协议、性能优化、网络管理与未来互联网等理论与技术。,7.0,31.2,20.0
2-01-02-64,物联网工程研究人员,2,专业技术人员,研究物联网感知、通信、平台、安全及智能应用等体系架构、协议与关键技术。,7.5,30.5,16.0
2-01-02-65,数字媒体技术研究人员,2,专业技术人员,研究数字媒体内容生成、处理与交互技术，包括图形图像、音视频算法等。,8.5,28.5,12
2-01-02-66,空间信息与数字技术研究人员,2,专业技术人员,研究地理信息系统、遥感、卫星导航等空间信息的数字化处理与应用技术。,7.5,29.2,8
2-01-02-67,电子与计算机工程研究人员,2,专业技术人员,研究电子系统、计算机硬件、嵌入式系统及软硬件协同设计等前沿技术。,8.0,32.8,25
2-01-02-68,资源环境科学研究人员,2,专业技术人员,研究自然资源管理、环境保护、生态修复及可持续发展相关的科学问题与技术。,6.0,26.1,15
2-01-02-69,地球信息科学与技术研究人员,2,专业技术人员,研究地球系统数据的采集、处理、建模与分析，服务于地质、气象、环境等领域。,7.0,27.9,7
2-01-02-70,生物信息学研究人员,2,专业技术人员,利用计算和统计方法分析生物数据，如基因组、蛋白质组数据，以解决生物学问题。,8.5,31.3,6
2-01-02-71,合成生物学研究人员,2,专业技术人员,通过工程化设计改造生物系统或构建新生物部件，用于医药、能源、材料等领域。,7.0,30.5,4
2-01-02-72,新能源科学与工程研究人员,2,专业技术人员,研究太阳能、风能、氢能等新能源的转换、存储、材料及系统集成技术。,6.5,29.8,10
2-01-02-73,储能科学与工程研究人员,2,专业技术人员,研究电池、超级电容、储热等储能技术的材料、器件、系统与管理。,7.0,30.1,5
2-01-02-74,碳储科学与工程研究人员,2,专业技术人员,研究二氧化碳捕集、利用与封存技术，以及碳汇监测与评估方法。,6.5,28.7,3
2-01-02-75,智慧农业研究人员,2,专业技术人员,研究物联网、大数据、人工智能等技术在农业生产、管理与决策中的应用。,7.5,27.3,9
2-01-02-76,智能医学工程研究人员,2,专业技术人员,研究医学影像分析、智能诊断设备、医疗机器人及健康信息技术。,7.5,33.5,8
2-01-02-77,虚拟现实技术研究人员,2,专业技术人员,研究VR/AR/MR的显示、交互、内容生成与仿真等核心技术。,8.0,31.0,6
2-01-02-78,区块链工程研究人员,2,专业技术人员,研究区块链底层架构、共识算法、密码学应用及分布式系统安全。,8.5,34.2,5
2-01-02-79,城市水系统工程研究人员,2,专业技术人员,研究城市供水、排水、污水处理及水资源智慧管理的系统化技术。,6.0,26.8,7
2-01-02-80,智能建造研究人员,2,专业技术人员,研究BIM、机器人、物联网等技术在建筑设计与施工中的自动化与智能化应用。,7.5,29.5,11
2-03-01-01,内科医师,2,专业技术人员,诊断和治疗内科疾病，依赖临床经验、患者沟通和复杂病情综合判断。,4.5,35.2,120
2-03-01-02,外科医师,2,专业技术人员,通过手术操作治疗疾病，高度依赖精细的手眼协调、临场应变和团队协作。,4.0,38.5,80
2-03-01-03,妇产科医师,2,专业技术人员,负责女性生殖健康、妊娠分娩及妇科疾病诊治，需高度人际互动与临床判断。,4.5,36.8,40
2-03-01-04,儿科医师,2,专业技术人员,诊治儿童疾病，沟通对象特殊，需极强的人文关怀、观察力和家长沟通能力。,4.0,34.0,60
2-03-01-05,眼科医师,2,专业技术人员,诊断和治疗眼部疾病，进行眼科手术，提供视力保健服务。,4.2,38.5,8.2
2-03-01-06,耳鼻喉科医师,2,专业技术人员,诊断和治疗耳、鼻、喉及相关头颈部疾病，进行相关手术。,4.0,37.8,6.5
2-03-01-07,口腔科医师,2,专业技术人员,诊断和治疗口腔疾病，进行牙齿修复、拔除、正畸等操作。,3.8,36.2,27.5
2-03-01-08,皮肤科医师,2,专业技术人员,诊断和治疗皮肤、毛发、指甲疾病，进行皮肤美容与外科治疗。,4.5,35.6,4.1
2-03-01-09,精神科医师,2,专业技术人员,诊断和治疗精神心理障碍，提供心理治疗、药物治疗及康复指导。,3.5,34.9,5.8
2-03-01-10,传染病科医师,2,专业技术人员,诊断、治疗和研究传染性疾病，负责感染防控与公共卫生应对。,4.8,36.8,3.2
2-03-01-11,急诊科医师,2,专业技术人员,在医院急诊室处理各种急性疾病和创伤，进行紧急抢救与处置。,3.2,39.2,12.4
2-03-01-12,康复科医师,2,专业技术人员,为患者制定康复计划，治疗功能障碍，促进身体机能恢复。,4.0,33.5,4.6
2-03-01-13,麻醉科医师,2,专业技术人员,负责手术麻醉管理，监测患者生命体征，提供围术期镇痛与监护。,4.3,40.1,9.3
2-03-01-14,病理科医师,2,专业技术人员,通过显微镜观察组织细胞，进行疾病诊断，出具病理报告。,6.5,34.2,3.8
2-03-01-15,放射科医师,2,专业技术人员,解读X光、CT、MRI等医学影像，为临床诊断提供依据。,6.8,37.5,10.7
2-03-01-16,全科医师,2,专业技术人员,在基层提供常见病、多发病的诊疗，以及预防保健和健康管理。,4.7,32.4,45.2
2-03-01-17,医学影像医师,2,专业技术人员,专注于医学影像技术的应用、分析与诊断，支持临床决策。,7.0,36.0,11.5
2-03-01-18,超声诊断医师,2,专业技术人员,操作超声设备，进行各部位检查，分析图像并出具诊断报告。,5.5,34.8,9.8
2-03-01-19,核医学医师,2,专业技术人员,应用放射性核素进行疾病诊断与治疗，如PET-CT显像。,6.2,38.7,1.5
2-03-01-20,临床检验医师,2,专业技术人员,分析血液、体液等样本，提供实验室检测结果与临床解释。,6.9,33.0,6.4
2-03-02-01,中医内科医师,2,专业技术人员,运用中医理论诊疗内科疾病，进行辨证施治与中药处方。,3.0,31.8,18.6
2-03-02-02,中医外科医师,2,专业技术人员,运用中医方法治疗疮疡、皮肤病、肛肠病等外科疾患。,2.8,32.5,5.2
2-03-02-03,中医妇产科医师,2,专业技术人员,运用中医理论诊疗妇科、产科疾病，提供调理与治疗。,3.0,32.1,4.9
2-03-02-04,中医儿科医师,2,专业技术人员,运用中医理论诊疗儿童疾病，注重小儿推拿、中药调理等方法。,3.2,31.5,3.7
2-03-02-05,中医眼科医师,2,专业技术人员,运用中医理论诊断和治疗眼部疾病，强调辨证论治和个体化诊疗。,3.5,22.5,1.2
2-03-02-06,中医耳鼻喉科医师,2,专业技术人员,运用中医方法诊治耳、鼻、喉相关疾病，注重整体调理和局部治疗结合。,3.5,22.0,1.0
2-03-02-07,中医皮肤科医师,2,专业技术人员,运用中医药理论诊治皮肤病，通过望闻问切进行辨证，内外兼治。,3.5,22.0,1.5
2-03-02-08,中医骨伤科医师,2,专业技术人员,运用中医正骨手法、中药及针灸等方法治疗骨折、脱位及筋伤等疾病。,3.0,23.0,2.5
2-03-02-09,中医肛肠科医师,2,专业技术人员,运用中医特色疗法（如挂线、结扎）及中药内服外治肛肠疾病。,3.5,21.5,0.8
2-03-02-10,针灸科医师,2,专业技术人员,运用针刺、艾灸等中医外治技术，根据经络腧穴理论治疗各类疾病。,3.0,21.0,3.5
2-03-02-11,推拿科医师,2,专业技术人员,运用手法作用于人体体表特定部位，以调节机体生理、病理状况，达到治疗目的。,2.5,20.0,4.0
2-03-03-02,疾病控制医师,2,专业技术人员,从事疾病监测、流行病学调查、疫情处置和预防控制策略制定等公共卫生工作。,4.5,18.5,8.0
2-03-03-03,卫生监督员,2,专业技术人员,依法对医疗机构、公共场所、饮用水等进行监督检查，查处违法行为。,4.0,17.5,6.5
2-03-03-04,妇幼保健医师,2,专业技术人员,从事妇女和儿童保健、孕产期保健、计划生育技术指导等预防保健服务工作。,4.0,19.0,7.0
2-03-03-05,健康教育医师,2,专业技术人员,策划并实施健康教育活动，传播健康知识，促进公众健康素养提升。,4.5,17.0,3.0
2-03-04-01,药师,2,专业技术人员,负责药品的调剂、核发、管理，提供用药咨询，保障药品质量和合理使用。,5.5,15.5,45.0
2-03-04-02,中药师,2,专业技术人员,负责中药饮片及中成药的鉴别、验收、保管、调剂和临方炮制，提供用药指导。,4.5,16.0,12.0
2-03-04-03,临床药师,2,专业技术人员,深入临床参与药物治疗，提供药学监护、用药方案设计与优化等专业技术服务。,5.0,20.0,5.0
2-03-05-01,护士,2,专业技术人员,执行医嘱，完成基础护理、病情观察、治疗操作及健康宣教等临床护理工作。,4.0,12.5,450.0
2-03-05-02,助产士,2,专业技术人员,负责正常产妇的接产，协助产科医师处理难产，并提供孕期、产时及产后护理。,3.5,14.0,18.0
2-03-05-03,护师,2,专业技术人员,在护士基础上承担病房管理、危重病人护理、带教实习护士等更多职责。,4.0,14.0,120.0
2-03-05-04,主管护师,2,专业技术人员,负责本科室护理质量、技术、教学和科研管理工作，指导下级护理人员。,4.0,16.5,40.0
2-03-06-01,医学检验技师,2,专业技术人员,利用仪器设备对人体标本进行理学、化学、微生物学等检测分析并出具报告。,6.5,14.0,35.0
2-03-06-02,医学影像技师,2,专业技术人员,操作X光、CT、MRI等影像设备为患者进行检查，获取医学影像资料供诊断。,6.0,15.0,30.0
2-03-06-03,病理技师,2,专业技术人员,负责病理标本处理、切片制作、染色及辅助诊断，部分图像分析工作可由AI辅助或替代。,6.5,15.2,3.5
2-03-06-04,康复技师,2,专业技术人员,运用物理疗法、作业疗法等手段为患者进行康复训练，需大量人际互动与手动操作。,3.5,13.8,12.5
2-03-06-05,临床工程技术员,2,专业技术人员,负责医疗设备的安装、维护、维修和质量控制，需结合现场操作与数据分析。,5.5,16.5,2.8
2-03-06-06,输血技师,2,专业技术人员,负责血液的采集、检测、制备、储存和发放，流程标准化但涉及生物安全与判断。,5.0,14.9,1.8
2-03-06-07,营养技师,2,专业技术人员,进行营养评估、膳食设计与指导，需结合个体情况与沟通，AI可辅助计算分析。,4.5,13.2,4.2
2-03-06-08,消毒技师,2,专业技术人员,负责医疗器械和环境的清洗、消毒与灭菌，以标准化流程和体力操作为主。,3.0,11.5,5.5
2-03-07-01,心理治疗师,2,专业技术人员,通过深度人际互动与专业关系，为来访者提供心理治疗，高度依赖共情与信任。,2.5,18.8,8.0
2-03-07-02,心理咨询师,2,专业技术人员,提供心理咨询与支持，涉及评估与沟通，AI可辅助初筛但核心关系难以替代。,3.0,16.0,15.0
2-03-08-01,医疗救护员,2,专业技术人员,在急救现场进行生命支持、伤员搬运与转运，以应急体力操作和团队协作为核心。,2.0,10.8,25.0
2-03-09-01,健康管理师,2,专业技术人员,收集健康信息、评估风险、制定干预计划，大量工作涉及数据管理与标准化建议。,6.0,14.0,20.0
2-03-09-02,生殖健康咨询师,2,专业技术人员,提供生殖健康方面的咨询、教育与指导，需结合专业知识与敏感的人际沟通。,4.0,13.5,3.0
2-03-09-03,听力师,2,专业技术人员,进行听力检测、评估、诊断及助听器验配与调试，需操作设备并结合患者反馈。,4.5,15.5,1.5
2-03-09-04,验光师,2,专业技术人员,进行视力检查、验光、视功能评估及眼镜定配，流程部分可自动化，但需个性化调整。,5.0,14.5,6.5
2-03-09-05,口腔修复体制作师,2,专业技术人员,根据模型制作义齿等修复体，传统手工正逐渐被CAD/CAM数字化设计与加工替代。,6.0,13.0,4.8
2-03-09-06,呼吸治疗师,2,专业技术人员,负责呼吸治疗设备管理、气道护理及呼吸康复，需临床判断与床旁操作。,4.0,15.8,2.0
2-03-09-07,医疗护理员,2,专业技术人员,在护士指导下为患者提供生活照料、基础护理及辅助服务，以体力劳动和人文关怀为主。,2.5,8.5,150.0
2-03-09-08,病案信息技术员,2,专业技术人员,负责病案的整理、编码、质控、统计与信息化管理，核心编码与数据分析工作易受AI冲击。,7.5,12.0,10.5
2-03-09-09,医疗设备管理师,2,专业技术人员,负责医疗设备的全生命周期管理、采购论证与效益分析，结合技术知识与管理流程。,5.5,16.0,3.2
2-03-09-10,医疗质量控制师,2,专业技术人员,监控与分析医疗质量数据，推动持续改进，部分数据监测与报告生成可由AI完成。,6.0,17.2,2.5
2-03-09-11,医院感染管理师,2,专业技术人员,负责医院感染监测、防控、培训与督导，需现场调查、数据分析和人际沟通结合。,5.0,16.8,2.2
2-03-09-12,临床研究协调员,2,专业技术人员,负责临床试验项目的协调、管理与监查，确保研究符合法规和方案要求。,6.5,18.5,3.2
2-03-09-13,药物临床试验员,2,专业技术人员,参与药物临床试验的具体操作、数据收集与受试者管理，确保试验质量。,6.0,20.8,2.8
2-03-09-14,医疗器械临床评价员,2,专业技术人员,对医疗器械的临床数据进行分析与评价，撰写评价报告，支持产品注册。,6.8,22.3,1.5
2-03-09-15,医疗大数据分析师,2,专业技术人员,运用数据分析工具处理医疗健康数据，挖掘信息以支持临床决策与科研。,8.2,28.6,4.5
2-03-09-16,智能医疗装备运维师,2,专业技术人员,负责智能医疗设备的安装、调试、日常维护、故障排除与技术培训。,5.5,19.7,2.2
2-03-09-17,医疗人工智能训练师,2,专业技术人员,负责标注医疗数据、训练和优化AI模型，以应用于诊断、影像分析等场景。,7.8,26.4,1.8
2-03-09-18,远程医疗师,2,专业技术人员,通过互联网平台为患者提供在线诊疗、健康咨询与慢病管理等服务。,4.5,23.5,6.5
2-03-09-19,基因检测解读师,2,专业技术人员,分析基因检测报告，结合临床信息为患者或医生提供专业的解读与咨询。,7.5,25.1,1.2
2-03-09-20,细胞制备工程师,2,专业技术人员,在GMP环境下进行细胞产品的制备、培养、质检与工艺开发。,5.0,21.9,1.0
2-03-09-21,生物样本库管理员,2,专业技术人员,负责生物样本的采集、处理、储存、信息管理与质量控制。,7.0,16.8,0.8
2-03-09-22,临床遗传咨询师,2,专业技术人员,为有遗传病风险的个人或家庭提供风险评估、心理支持与生育指导。,4.0,24.7,0.5
2-03-09-23,安宁疗护师,2,专业技术人员,为终末期患者提供疼痛管理、心理慰藉、灵性关怀及家属支持。,2.5,17.2,2.5
2-03-09-24,老年健康评估师,2,专业技术人员,对老年人的身心功能、认知及社会状况进行综合评估，制定照护计划。,5.5,18.0,3.8
2-03-09-25,儿童保健指导师,2,专业技术人员,监测儿童生长发育，提供营养、心理、早期发展等方面的指导与干预。,4.0,16.5,4.2
2-01-01-18,新闻学研究人员,2,专业技术人员,从事新闻理论、传播规律、媒体发展等领域的学术研究与教学工作。,8.0,15.3,1.2
2-01-01-19,传播学研究人员,2,专业技术人员,研究信息传播过程、效果、受众行为及新媒体技术的社会影响。,8.0,15.6,1.5
2-01-01-99,其他社会科学研究人员,2,专业技术人员,从事经济学、社会学、政治学等领域的理论构建、实证研究与政策分析。,7.8,14.9,5.0
2-01-02-18,空间科学研究人员,2,专业技术人员,研究天体物理、行星科学、空间探测技术及相关基础理论。,6.5,20.5,0.6
2-01-02-19,系统科学研究人员,2,专业技术人员,运用数学与计算模型研究复杂系统的结构、功能与演化规律。,8.5,19.8,0.4
2-01-02-20,生态学研究人员,2,专业技术人员,研究生物与环境相互关系，涉及野外调查、数据分析与生态保护策略制定。,6.0,16.2,1.8
2-01-02-21,纳米科学与技术研究人员,2,专业技术人员,从事纳米材料、纳米器件等前沿基础与应用研究，需要高度创新和实验操作。,3.5,28.5,2.5
2-01-02-99,其他自然科学研究人员,2,专业技术人员,从事物理、化学、生物等基础科学领域的研究工作，依赖理论探索与实验验证。,4.0,26.0,15.0
2-01-03-02,仪器仪表工程研究人员,2,专业技术人员,从事精密仪器、测量与控制系统的研发、设计与测试工作。,4.5,27.0,8.0
2-01-03-07,计算机科学与技术研究人员,2,专业技术人员,从事算法、系统、人工智能等计算机领域的理论与技术研发工作。,6.5,35.0,25.0
2-01-03-08,建筑学研究人员,2,专业技术人员,从事建筑设计理论、城市规划、建筑技术等领域的学术与应用研究。,4.0,29.0,5.0
2-01-03-11,测绘科学与技术研究人员,2,专业技术人员,从事地理信息获取、处理、分析与应用的理论与方法研究。,5.5,26.5,4.0
2-01-03-22,核科学与技术研究人员,2,专业技术人员,从事核能、核技术应用等领域的理论与实验研究，涉及高精尖技术与安全。,3.0,30.0,1.5
3-01-01-01,行政办事员,3,办事人员和有关人员,处理文件流转、事务协调、信息传达等日常行政支持工作。,7.5,12.5,350.0
3-01-01-02,行政执法员,3,办事人员和有关人员,依据法律法规进行现场检查、监督、处罚等执法活动，需人际沟通与现场判断。,4.5,14.0,120.0
3-01-01-03,秘书,3,办事人员和有关人员,协助领导安排日程、处理文书、沟通联络等综合性辅助工作。,7.0,13.0,200.0
3-01-01-04,公关员,3,办事人员和有关人员,负责组织形象维护、媒体关系、活动策划与危机公关，强调人际与策略。,5.5,15.0,50.0
3-01-01-05,收发员,3,办事人员和有关人员,负责信件、包裹的接收、登记、分发与寄送，流程高度标准化。,8.5,9.0,40.0
3-01-01-06,打字员,3,办事人员和有关人员,将手写或音频信息转化为电子文本，工作内容高度单一且可自动化。,9.5,8.5,15.0
3-01-01-07,速录师,3,办事人员和有关人员,使用专用设备进行实时语音信息的高速文字录入工作。,9.0,11.0,3.0
3-01-01-08,档案管理员,3,办事人员和有关人员,负责档案资料的收集、整理、数字化、保管与检索服务。,8.0,10.5,30.0
3-01-01-09,保密员,3,办事人员和有关人员,负责涉密载体的管理、保密制度执行与监督检查，涉及流程与人员管理。,6.0,13.5,10.0
3-01-01-10,信访接待员,3,办事人员和有关人员,接待群众来访，登记、转办、反馈信访事项，需要沟通与初步研判。,6.5,11.5,25.0
3-01-01-11,会议服务人员,3,办事人员和有关人员,负责会议前的准备、会中的服务支持与会后的整理工作。,5.0,10.0,60.0
3-01-01-12,前台服务员,3,办事人员和有关人员,负责来访接待、咨询解答、电话转接及简单事务处理。,6.0,9.5,150.0
3-01-01-13,总机服务员,3,办事人员和有关人员,使用交换机设备接转电话、提供查询服务，工作高度流程化。,9.0,9.0,8.0
3-01-01-14,行政事务处理人员,3,办事人员和有关人员,处理文件收发、数据录入、会议安排等日常行政事务，流程性强。,8.5,8.5,450
3-01-02-01,人力资源管理员,3,办事人员和有关人员,负责人力资源规划、制度执行、员工关系维护等基础管理工作。,7.5,11.2,120
3-01-02-02,薪酬福利管理员,3,办事人员和有关人员,负责薪资核算、社保公积金缴纳、福利发放等，依赖规则与数据。,8.0,10.8,80
3-01-02-03,绩效考核员,3,办事人员和有关人员,协助设计考核方案、收集考核数据、处理结果，涉及人际沟通。,7.0,11.5,60
3-01-02-04,招聘专员,3,办事人员和有关人员,发布职位、筛选简历、安排面试、沟通候选人，依赖人际判断。,6.5,12.0,100
3-01-02-05,培训专员,3,办事人员和有关人员,组织培训活动、开发课程、评估效果，需较多现场互动与协调。,6.0,11.8,70
3-01-02-06,劳动关系协调员,3,办事人员和有关人员,处理劳动争议、沟通协商、法规咨询，依赖人际沟通与法规理解。,5.5,12.5,50
3-01-02-07,职业信息分析师,3,办事人员和有关人员,收集分析职业市场数据、撰写报告，工作高度依赖数据处理。,8.0,13.5,20
3-01-02-08,职业指导员,3,办事人员和有关人员,提供职业咨询、规划建议、心理辅导，依赖深度人际互动与经验。,5.0,12.0,30
3-01-02-09,劳务派遣管理员,3,办事人员和有关人员,管理派遣员工合同、薪酬、关系协调，流程与沟通并重。,7.0,10.5,40
3-01-02-10,人事档案管理员,3,办事人员和有关人员,负责档案的数字化录入、整理、保管与查询，高度流程化与标准化。,9.0,8.0,35
3-01-03-01,安全保卫管理员,3,办事人员和有关人员,制定安全制度、巡查监督、处理突发事件，需现场判断与协调。,4.0,9.5,150
3-01-03-02,消防管理员,3,办事人员和有关人员,管理消防设施、组织演练、应急处理，依赖专业知识与现场管理。,4.5,10.0,40
3-01-03-03,应急管理员,3,办事人员和有关人员,制定应急预案、组织演练、协调救援，需快速判断与多方协调。,5.0,11.0,30
3-01-03-04,保安队长,3,办事人员和有关人员,管理保安团队、安排勤务、处理现场纠纷，以人员管理与现场处置为主。,3.5,9.0,100
3-01-03-05,内保人员,3,办事人员和有关人员,负责单位内部巡逻、门岗值守、秩序维护，以体力与观察为主。,2.5,7.5,200
3-01-04-01,后勤管理员,3,办事人员和有关人员,管理物资采购、仓储、配送、设施维护，涉及协调与信息处理。,6.5,9.8,180
3-01-04-02,物业管理员,3,办事人员和有关人员,处理业主报修、收费、协调保洁绿化安保等，需大量人际沟通。,5.5,9.2,300
3-01-04-03,车辆管理员,3,办事人员和有关人员,管理车辆调度、维护、费用核算，工作流程化且依赖信息系统。,7.0,8.8,50
3-01-04-04,宿舍管理员,3,办事人员和有关人员,负责宿舍入住登记、安全卫生检查、处理学生/员工事务，以现场服务为主。,3.0,7.2,80
3-01-04-05,食堂管理员,3,办事人员和有关人员,负责食堂日常运营管理，包括食材采购监督、人员协调、卫生安全检查和成本控制。,3.5,7.2,45
3-01-04-06,办公设备管理员,3,办事人员和有关人员,负责办公设备的采购、登记、维护、调配和报废管理，确保设备正常运行。,6.8,8.5,38
3-01-04-07,资产管理员,3,办事人员和有关人员,负责企业固定资产的登记、盘点、折旧核算、调拨和处置等全生命周期管理。,7.2,9.8,52
3-01-04-08,采购管理员,3,办事人员和有关人员,执行采购计划，进行供应商寻源、比价、合同跟进、订单处理和采购数据分析。,6.5,11.5,68
3-01-04-09,仓库管理员,3,办事人员和有关人员,负责货物入库、存储、盘点、出库等作业，管理库存数据，确保账实相符。,7.5,7.8,120
3-01-05-01,法务助理,3,办事人员和有关人员,协助处理法律文书起草、档案管理、案例检索、合同初审及法律事务沟通协调。,7.0,12.5,40
3-01-05-02,合规管理员,3,办事人员和有关人员,监督企业运营是否符合法律法规及内部政策，进行合规培训、风险识别与报告。,6.0,13.2,30
3-01-05-03,合同管理员,3,办事人员和有关人员,负责合同的起草、审核、归档、履行跟踪、关键信息提取与风险提示。,8.0,10.5,55
3-01-05-04,知识产权管理员,3,办事人员和有关人员,负责专利、商标等知识产权的申请、维护、档案管理、费用监控与信息检索。,6.8,14.0,25
3-01-06-01,质量管理员,3,办事人员和有关人员,负责质量管理体系维护、过程监控、质量数据收集分析、不合格品处理及改进跟踪。,6.2,11.0,65
3-01-06-02,标准化管理员,3,办事人员和有关人员,负责标准收集、解读、宣贯、实施监督及企业标准体系的建立与维护。,7.8,12.8,18
3-01-06-03,计量管理员,3,办事人员和有关人员,负责计量器具的台账管理、周期检定计划制定、送检跟踪及计量数据管理。,7.0,10.2,22
3-01-06-04,检验检测管理员,3,办事人员和有关人员,负责检验检测计划制定、样品管理、报告审核、数据汇总及实验室日常管理。,6.5,10.8,48
3-01-07-01,环境管理员,3,办事人员和有关人员,负责环境管理体系运行、污染物监测数据管理、环保合规性检查及培训宣传。,5.5,11.8,35
3-01-07-02,能源管理员,3,办事人员和有关人员,负责能源数据采集统计、能耗分析、节能项目跟踪及能源管理报告编制。,7.5,12.0,28
3-01-07-03,职业健康管理员,3,办事人员和有关人员,负责职业健康监测、档案管理、防护用品配备、现场检查及健康宣传培训。,4.5,11.5,32
3-01-07-04,安全生产管理员,3,办事人员和有关人员,负责安全制度执行监督、隐患排查、培训组织、事故报告及应急管理协调。,4.0,12.2,85
3-01-08-01,统计员,3,办事人员和有关人员,负责数据收集、整理、录入、计算、制作统计图表及撰写初步分析报告。,8.5,9.5,60
3-01-08-02,调查员,3,办事人员和有关人员,通过访谈、问卷等方式收集信息，进行实地核查、数据记录和初步整理。,5.0,9.0,42
3-01-08-03,普查员,3,办事人员和有关人员,负责普查区域的入户登记、数据采集、审核、录入及初步汇总上报工作。,7.0,8.2,15
3-01-08-04,数据分析员,3,办事人员和有关人员,负责收集、处理、分析数据，并撰写报告以支持决策。,8.5,18.5,120
3-01-09-01,图书资料管理员,3,办事人员和有关人员,负责图书资料的编目、整理、借阅管理和读者咨询服务。,7.0,9.5,25
3-01-09-02,档案数字化管理员,3,办事人员和有关人员,负责将纸质档案通过扫描、录入等方式转化为数字格式并进行管理。,8.0,10.5,18
3-01-09-03,情报资料员,3,办事人员和有关人员,负责情报信息的收集、整理、分析、研判和报告撰写。,7.5,12.0,15
3-01-09-04,文博管理员,3,办事人员和有关人员,负责博物馆、纪念馆等场所的文物保管、展览策划与公众讲解工作。,5.5,20,50
3-01-10-01,其他办事人员,3,办事人员和有关人员,泛指从事行政、文秘、协调等综合性事务处理的工作人员。,6.5,10.0,800
3-02-01-01,安全员,3,办事人员和有关人员,负责制定安全制度、检查安全隐患、组织安全培训等管理工作。,4.5,11.5,150
3-02-01-02,安检员,3,办事人员和有关人员,使用安检设备对人员、行李、货物进行安全检查，识别违禁物品。,6.0,8.5,80
3-02-01-03,消防设施操作员,3,办事人员和有关人员,负责消防控制室监控、消防设施操作与维护，以及初期火灾处置。,5.0,11.0,40
3-02-01-04,应急救援员,3,办事人员和有关人员,在灾害或事故现场从事人员搜救、伤员处置、险情排除等紧急救援工作。,3.5,12.5,35
3-02-01-05,保安员,3,办事人员和有关人员,负责门卫、守护、巡逻、维持秩序等安全防范工作。,4.0,7.5,550
3-02-01-06,随身护卫员,3,办事人员和有关人员,为特定人员提供近身安全保护，防范和应对安全威胁。,2.5,15.0,8
3-02-01-07,押运员,3,办事人员和有关人员,负责武装押运贵重物品或现金，确保运输途中的安全。,4.0,10.5,25
3-02-01-08,守护员,3,办事人员和有关人员,在固定场所（如仓库、厂区）进行值守，防止财产被盗或破坏。,3.5,8.0,100
3-02-01-09,巡逻员,3,办事人员和有关人员,在指定区域进行巡视检查，发现并报告安全隐患或异常情况。,4.5,8.5,120
3-02-01-10,其他安全保卫人员,3,办事人员和有关人员,泛指未单独列明的从事安全防范、秩序维护等相关工作的人员。,4.0,9.0,200
3-03-01-01,邮政营业员,3,办事人员和有关人员,在邮政营业窗口办理信件、包裹、汇兑等业务的收寄和咨询。,6.5,9.0,30
3-03-01-02,邮件分拣员,3,办事人员和有关人员,在分拣中心根据地址信息对邮件、包裹进行识别、分类和分拣。,8.0,8.0,25
3-03-01-03,邮件转运员,3,办事人员和有关人员,负责邮件、包裹的装卸、搬运、运输及交接工作。,5.5,9.5,20
3-03-01-04,邮政投递员,3,办事人员和有关人员,负责将邮件、报刊、包裹按地址投递到户，并处理相关签收手续。,5.0,9.5,45
3-03-01-05,报刊发行员,3,办事人员和有关人员,负责报刊的接收、分发、投递及零售管理，工作流程高度标准化。,8.5,6.5,2.5
3-03-01-06,集邮业务员,3,办事人员和有关人员,办理邮票、邮品的销售、咨询和收藏业务，依赖标准化产品与信息查询。,8.0,7.0,1.0
3-03-01-07,邮政业务档案员,3,办事人员和有关人员,负责邮政单据、档案的整理、录入、归档和查询，工作高度数字化与流程化。,9.0,7.2,3.0
3-03-01-08,其他邮政人员,3,办事人员和有关人员,泛指邮政系统内从事辅助性、流程性操作与支持工作的人员。,7.5,7.5,8.0
3-04-01-01,电信业务营业员,3,办事人员和有关人员,在营业厅办理开户、缴费、业务变更与咨询，需基础人际沟通与系统操作。,7.0,9.5,15.0
3-04-01-02,话务员,3,办事人员和有关人员,通过电话接听客户咨询、投诉或进行外呼营销，部分可被智能语音客服替代。,8.5,8.0,12.0
3-04-01-03,电信机务员,3,办事人员和有关人员,维护、监控和检修电信网络核心设备，需现场操作与故障判断。,5.5,12.0,10.0
3-04-01-04,线务员,3,办事人员和有关人员,从事通信线路的架设、维护、检修与故障排除，以户外体力劳动为主。,4.0,10.5,18.0
3-04-01-05,其他电信业务人员,3,办事人员和有关人员,泛指电信行业从事技术支持、客户服务及网络运维等辅助性工作的人员。,6.5,11.0,20.0
3-05-01-01,其他办事人员和有关人员,3,办事人员和有关人员,泛指在各类组织中从事行政、文秘、数据录入等常规事务性工作的人员。,6.0,8.8,150.0
4-01-01-01,餐厅服务员,4,社会生产服务和生活服务人员,负责点餐、上菜、席间服务与清洁，依赖灵活的人际互动与现场应变。,3.5,5.8,450.0
4-01-01-02,前厅服务员,4,社会生产服务和生活服务人员,在酒店前台负责接待、登记、咨询和结账，需人际沟通与基本系统操作。,4.0,6.2,120.0
4-01-01-03,客房服务员,4,社会生产服务和生活服务人员,负责酒店客房的清洁、整理、布草更换及物品补充，以体力劳动为主。,2.0,5.5,200.0
4-01-02-01,旅店服务员,4,社会生产服务和生活服务人员,提供住宿接待、客房服务及基础问询，工作结合体力与简单沟通。,3.0,5.6,80.0
4-01-02-02,民宿管家,4,社会生产服务和生活服务人员,负责民宿的日常运营、客户接待、个性化服务安排与本地体验协调。,4.5,7.5,25.0
4-01-03-01,导游,4,社会生产服务和生活服务人员,提供旅游讲解、行程引导、协调与应急处理，依赖知识、人际互动与现场组织。,5.0,8.5,40.0
4-01-03-02,公共游览场所服务员,4,社会生产服务和生活服务人员,在公园、景区从事检票、引导、秩序维护与基础咨询工作。,3.0,6.0,60.0
4-01-03-03,展览讲解员,4,社会生产服务和生活服务人员,为参观者提供展品讲解与知识普及，内容可部分标准化，但需现场互动。,6.0,7.8,8.0
4-01-04-01,园林绿化工,4,社会生产服务和生活服务人员,从事树木种植、修剪、养护及绿地维护，以户外体力及手工操作为主。,2.5,6.5,100.0
4-01-04-02,草坪建植工,4,社会生产服务和生活服务人员,负责草坪的播种、铺设、施肥、灌溉与日常养护，属于专项体力工种。,2.0,6.2,30.0
4-01-05-01,保洁员,4,社会生产服务和生活服务人员,从事建筑物、公共场所的清洁、保养和垃圾处理工作。,1.5,5.2,450
4-01-05-02,公共区域保洁员,4,社会生产服务和生活服务人员,负责公园、街道、广场等公共区域的日常清洁与维护。,1.5,5.0,200
4-01-05-03,环卫工,4,社会生产服务和生活服务人员,负责城市道路清扫、垃圾收集运输及环卫设施维护。,1.8,5.5,300
4-01-06-02,客户服务管理员,4,社会生产服务和生活服务人员,处理客户咨询、投诉及关系维护，部分工作可由AI辅助或替代。,6.5,8.5,150
4-01-06-03,物业设施设备维护员,4,社会生产服务和生活服务人员,负责物业内水电、电梯等设备的巡检、保养和简单维修。,3.0,7.8,180
4-02-01-01,车站客运服务员,4,社会生产服务和生活服务人员,提供售票、检票、问询引导等服务，需一定人际互动。,4.5,7.0,80
4-02-01-02,港口客运服务员,4,社会生产服务和生活服务人员,负责港口旅客的票务、安检、登船引导及咨询服务。,4.5,7.5,15
4-02-01-03,机场客运服务员,4,社会生产服务和生活服务人员,提供值机、安检引导、问询及特殊旅客服务，自动化程度较高。,4.8,9.0,25
4-02-02-01,公路收费及监控员,4,社会生产服务和生活服务人员,负责公路收费、监控系统操作，随ETC普及岗位需求下降。,8.0,6.5,30
4-02-02-02,铁路车站综控员,4,社会生产服务和生活服务人员,监控车站设备、调度信息，部分分析决策工作可由AI辅助。,7.0,10.5,8
4-02-03-01,机动车驾驶教练员,4,社会生产服务和生活服务人员,指导学员掌握驾驶技能，需现场示范和实时纠正，AI辅助有限。,4.0,9.2,35
4-02-04-01,汽车客运服务员,4,社会生产服务和生活服务人员,负责汽车站内售票、检票、行李托运及旅客引导工作。,4.0,6.8,50
4-02-04-02,城市轨道交通服务员,4,社会生产服务和生活服务人员,从事地铁/轻轨的站务服务、设备监控及应急处理。,5.0,8.2,40
4-02-05-01,航空运输地面服务员,4,社会生产服务和生活服务人员,负责配载平衡、货运操作及地面协调，部分流程可自动化。,5.5,9.5,20
4-02-05-02,机场运行指挥员,4,社会生产服务和生活服务人员,协调指挥机场航班运行，依赖信息系统，AI可辅助决策。,6.8,15.0,3
4-02-06-01,船舶业务员,4,社会生产服务和生活服务人员,处理船舶进出港、货物装卸及单证业务，需人际沟通。,5.0,8.8,12
4-02-07-01,装卸搬运工,4,社会生产服务和生活服务人员,从事货物装卸、搬运、堆码等体力劳动，自动化替代较慢。,2.5,6.0,250
4-02-07-02,理货员,4,社会生产服务和生活服务人员,核对货物数量、分类及记录，部分可由自动化系统替代。,6.0,6.5,60
4-03-01-01,信息通信业务员,4,社会生产服务和生活服务人员,处理通信网络监控、故障排查，AI可辅助分析优化。,7.5,11.0,45
4-03-01-02,信息通信营业员,4,社会生产服务和生活服务人员,提供通信业务办理、套餐咨询，部分服务已由自助终端替代。,7.0,7.5,70
4-03-03-01,广播电视天线工,4,社会生产服务和生活服务人员,负责广播电视发射、接收天线的安装、调试、维护与检修工作。,2.5,8.5,2.5
4-03-03-02,有线广播电视机线员,4,社会生产服务和生活服务人员,负责有线广播电视网络的安装、调试、维护、故障排查与用户服务。,3.0,8.2,5.0
4-04-01-01,银行综合柜员,4,社会生产服务和生活服务人员,在银行网点办理现金、转账、开户、挂失等标准化柜台业务。,8.0,12.5,80.0
4-04-01-02,银行信贷员,4,社会生产服务和生活服务人员,负责客户拓展、贷款申请受理、初步审核及贷后管理等信贷业务。,6.5,18.0,25.0
4-04-01-03,银行信用卡业务员,4,社会生产服务和生活服务人员,负责信用卡的营销推广、客户申请受理、初步审核与客户关系维护。,7.5,14.0,15.0
4-04-02-01,证券交易员,4,社会生产服务和生活服务人员,在交易市场执行证券买卖指令，进行交易操作与头寸管理。,9.0,30.0,3.0
4-04-02-02,证券投资顾问,4,社会生产服务和生活服务人员,为客户提供证券投资建议、资产配置方案和理财规划等咨询服务。,6.0,25.0,12.0
4-04-03-01,保险代理人,4,社会生产服务和生活服务人员,销售各类保险产品，为客户提供保险方案咨询和投保服务。,5.5,11.0,450.0
4-04-03-02,保险理赔员,4,社会生产服务和生活服务人员,负责受理保险索赔申请，进行事故查勘、定损、理算和赔付。,7.0,13.5,20.0
4-05-01-01,不动产经纪人,4,社会生产服务和生活服务人员,从事二手房买卖、租赁等居间业务，提供房产咨询和交易服务。,5.0,10.5,150.0
4-05-01-02,房地产策划师,4,社会生产服务和生活服务人员,负责房地产项目的市场定位、产品策划、营销推广策略制定。,4.5,16.0,8.0
4-05-02-01,物业管理师,4,社会生产服务和生活服务人员,负责物业项目的日常运营、客户服务、设施维护和社区管理。,4.0,11.5,40.0
4-06-01-01,采购员,4,社会生产服务和生活服务人员,执行采购计划，进行供应商寻源、比价、谈判、下单及跟单。,6.5,12.0,120.0
4-06-01-02,供应链管理师,4,社会生产服务和生活服务人员,负责供应链整体规划、协调、优化，管理物流、信息流和资金流。,5.5,18.5,15.0
4-06-02-01,仓储管理员,4,社会生产服务和生活服务人员,负责仓库货物的入库、存储、盘点、分拣、出库等作业管理。,7.5,7.5,100.0
4-06-02-02,物流服务师,4,社会生产服务和生活服务人员,负责物流运输方案设计、过程协调、客户服务与异常处理。,5.0,10.0,80.0
4-06-03-01,货运代理员,4,社会生产服务和生活服务人员,代理客户办理货物运输相关订舱、报关、报检、单证等手续。,6.0,9.5,30.0
4-07-01-01,收银员,4,社会生产服务和生活服务人员,在零售、餐饮等场所使用收银设备为顾客结账收款。,8.5,5.5,350.0
4-07-01-02,商品营业员,4,社会生产服务和生活服务人员,在零售店铺进行商品陈列、销售、导购、咨询和库存管理。,6.0,6.5,600.0
4-07-02-01,商品监督员,4,社会生产服务和生活服务人员,负责商品质量、价格、标识、陈列等方面的监督检查工作。,5.5,7.0,25.0
4-07-03-01,摊商,4,社会生产服务和生活服务人员,在固定或流动摊位销售商品，依赖人际互动和现场判断。,2.5,6.5,1800
4-07-04-01,网约配送员,4,社会生产服务和生活服务人员,通过平台接单，完成餐饮、商品等物品的取送服务。,4.0,8.5,800
4-08-01-01,中式烹调师,4,社会生产服务和生活服务人员,运用中式烹饪技法进行菜肴制作，依赖手工操作和经验。,2.0,9.5,450
4-08-01-02,中式面点师,4,社会生产服务和生活服务人员,制作中式面食、点心，依赖手工技艺和配方经验。,2.0,8.8,200
4-08-01-03,西式烹调师,4,社会生产服务和生活服务人员,运用西餐烹饪技法进行菜肴制作，依赖手工操作和创意。,2.0,10.2,80
4-08-01-04,西式面点师,4,社会生产服务和生活服务人员,制作西式糕点、面包，依赖精细手工和艺术创意。,2.0,9.8,60
4-08-02-01,茶艺师,4,社会生产服务和生活服务人员,展示茶叶冲泡技艺，提供茶文化服务和销售。,3.0,7.2,50
4-08-02-02,评茶员,4,社会生产服务和生活服务人员,运用感官品评茶叶品质，涉及一定标准化判断。,4.5,8.0,20
4-08-03-01,营养配餐员,4,社会生产服务和生活服务人员,根据对象需求进行营养评估和膳食搭配设计。,5.5,8.5,40
4-09-01-01,美容师,4,社会生产服务和生活服务人员,为顾客提供皮肤护理、美容等服务，依赖手法和沟通。,3.5,7.8,300
4-09-01-02,美发师,4,社会生产服务和生活服务人员,为顾客提供剪发、造型等服务，依赖手工技艺和审美。,3.0,8.2,350
4-09-01-03,美甲师,4,社会生产服务和生活服务人员,为顾客提供指甲修剪、美甲装饰等服务。,3.0,7.0,200
4-09-02-01,保健按摩师,4,社会生产服务和生活服务人员,运用手法进行保健按摩，依赖体力、技巧和触觉反馈。,2.5,8.0,250
4-09-02-02,足部按摩师,4,社会生产服务和生活服务人员,专注于足部反射区按摩，依赖特定手法和经验。,2.5,7.5,150
4-09-03-01,健康照护师,4,社会生产服务和生活服务人员,为个人或群体提供专业健康监测、咨询和辅助服务。,3.5,9.0,150
4-09-03-02,社群健康助理员,4,社会生产服务和生活服务人员,在社区从事健康宣传、基础信息收集与辅助服务。,4.0,7.0,100
4-10-01-01,家政服务员,4,社会生产服务和生活服务人员,提供家庭保洁、烹饪、衣物整理等综合家务服务。,3.0,6.0,3500
4-10-01-02,母婴护理员,4,社会生产服务和生活服务人员,照顾产妇和新生儿，提供专业护理、喂养和指导。,2.5,10.5,200
4-10-01-03,家庭照护员,4,社会生产服务和生活服务人员,为家庭中的老人、病人或残疾人提供生活照料和陪伴。,3.0,7.2,500
4-10-02-01,养老护理员,4,社会生产服务和生活服务人员,在养老机构或家庭中为老年人提供生活照料和基础护理。,3.0,6.8,600
4-10-03-01,殡仪服务员,4,社会生产服务和生活服务人员,提供殡仪服务咨询、接待、引导和礼仪服务，需要高度的人文关怀和情感沟通能力。,2.5,7.2,2.5
4-10-03-02,遗体接运工,4,社会生产服务和生活服务人员,负责遗体的接收、搬运和运输工作，以体力劳动和规范操作为主，需具备一定的服务意识。,2.0,6.8,3.0
4-10-03-03,遗体防腐整容师,4,社会生产服务和生活服务人员,运用专业技术对遗体进行防腐、修复、整形和化妆，需要精细的手工操作和一定的审美判断。,3.5,9.5,1.2
4-10-03-04,遗体火化师,4,社会生产服务和生活服务人员,操作和维护火化设备，处理遗体火化流程，需遵循严格的操作规程和安全标准。,3.0,8.0,1.5
4-10-03-05,公墓管理员,4,社会生产服务和生活服务人员,负责公墓的日常管理、维护、客户接待及档案管理，需要人际沟通和事务协调能力。,4.0,7.5,4.0
4-11-01-01,体育场馆管理员,4,社会生产服务和生活服务人员,负责体育场馆的运营管理、设备维护、活动协调与安全保障，涉及调度与决策。,4.5,8.5,6.0
4-11-01-02,体育场地工,4,社会生产服务和生活服务人员,进行体育场地的铺设、划线、保养与维护工作，以体力劳动和特定技能为主。,2.5,6.5,8.0
4-11-02-01,社会体育指导员,4,社会生产服务和生活服务人员,指导群众进行科学的体育锻炼，提供健身咨询与培训，依赖人际互动与经验。,4.0,9.0,12.0
4-12-02-01,消防员,4,社会生产服务和生活服务人员,执行火灾扑救、应急救援等任务，需要极强的体力、现场判断和团队协作能力。,1.5,11.0,20.0
4-13-01-02,创业指导师,4,社会生产服务和生活服务人员,为创业者提供咨询、培训与资源对接服务，依赖专业知识、市场洞察和人际沟通。,6.0,15.0,5.0
4-99-00-01,互联网营销师,4,社会生产服务和生活服务人员,利用互联网平台进行产品推广、内容创作和数据分析，工作高度数字化，但需创意。,7.5,18.0,150.0
4-99-00-02,在线学习服务师,4,社会生产服务和生活服务人员,设计在线课程、提供学习支持与答疑，工作可部分自动化，但需人际互动与教学技巧。,7.0,14.0,30.0
4-99-00-03,网约出租车司机,4,社会生产服务和生活服务人员,驾驶车辆提供客运服务，依赖路线规划与驾驶操作，但自动驾驶技术构成潜在冲击。,5.0,10.5,300.0
4-99-00-04,建筑信息模型技术员,4,社会生产服务和生活服务人员,运用BIM软件进行建筑模型创建、管理与协同，属知识密集型工作，但工具依赖度高。,6.5,16.0,25.0
4-99-00-05,电子竞技运营师,4,社会生产服务和生活服务人员,负责电竞赛事策划、团队管理、市场推广，需要创意、组织协调与商业洞察力。,6.0,17.0,8.0
4-99-00-06,电子竞技员,4,社会生产服务和生活服务人员,职业电竞选手，通过训练和比赛竞技，依赖极快的反应、策略思维和团队配合。,3.5,22.0,15.0
4-99-00-07,老年人能力评估师,4,社会生产服务和生活服务人员,对老年人身体状况、认知能力等进行综合评估，需专业知识和人际沟通，但工具可辅助。,5.5,12.0,3.0
4-99-00-08,无人机驾驶员,4,社会生产服务和生活服务人员,操控无人机进行航拍、巡检、测绘等作业，依赖操作技能与任务规划，自动化在发展中。,5.0,13.0,10.0
4-99-00-09,农业数字化技术员,4,社会生产服务和生活服务人员,应用物联网、大数据等技术于农业生产与管理，属新兴技术岗位，知识更新快。,6.5,11.5,8.0
4-99-00-10,城市轨道交通检修工,4,社会生产服务和生活服务人员,负责轨道交通车辆和设备的检查、维护与修理，以专业技能和体力操作为主。,3.0,12.5,15.0
4-01-03-02,旅行社计调,4,社会生产服务和生活服务人员,负责旅游线路设计、资源采购、团队协调与成本核算等后台操作与规划工作。,7.5,7.2,45
4-01-03-03,旅游咨询员,4,社会生产服务和生活服务人员,为游客提供旅游信息咨询、行程建议、票务预订及问题解答等前台服务。,6.8,6.8,38
4-01-04-02,娱乐场所服务员,4,社会生产服务和生活服务人员,在KTV、酒吧等场所提供酒水配送、包间服务、清洁维护等现场接待与服务工作。,3.2,5.5,120
4-01-05-03,社区网格员,4,社会生产服务和生活服务人员,负责社区信息采集、政策宣传、矛盾纠纷调解、居民服务联络等基层治理与服务工作。,4.5,7.5,450
4-01-06-02,信息通信网络测量员,4,社会生产服务和生活服务人员,使用专业仪器对通信网络信号、性能、覆盖等进行测试、数据采集与分析评估。,8.2,12.5,15
4-01-06-03,信息通信网络运行管理员,4,社会生产服务和生活服务人员,监控、维护和管理通信网络系统，处理故障，优化性能，保障网络稳定运行。,7.8,13.8,28
4-01-07-01,呼叫中心服务员,4,社会生产服务和生活服务人员,通过电话或在线渠道，处理客户咨询、投诉、业务办理及电话营销等标准化服务。,8.5,6.5,180
4-02-03-01,调酒师,4,社会生产服务和生活服务人员,根据配方或顾客要求调制酒水，提供吧台服务，并具备一定的创意与现场互动能力。,3.0,8.0,25
4-02-03-02,咖啡师,4,社会生产服务和生活服务人员,制作各类咖啡饮品，进行简单的拉花创作，维护设备，并提供顾客点单与服务。,3.5,7.0,60
4-02-04-01,公共营养师,4,社会生产服务和生活服务人员,为个人或群体提供膳食营养评估、咨询、指导及健康宣教等专业性服务。,5.5,9.5,12
4-03-01-01,汽车维修工,4,社会生产服务和生活服务人员,诊断汽车故障，进行机械、电气系统的拆卸、维修、更换与保养等实操工作。,4.0,9.0,300
4-03-01-02,汽车装调工,4,社会生产服务和生活服务人员,在汽车生产或改装环节，进行零部件装配、系统调试、功能检测与质量检查。,5.8,8.5,40
4-03-02-01,机动车检测工,4,社会生产服务和生活服务人员,使用检测线设备对车辆安全、环保、性能等项目进行标准化检测与数据录入。,7.0,7.8,35
4-03-02-02,二手车经纪人,4,社会生产服务和生活服务人员,从事二手车车况鉴定、价值评估、交易撮合、手续办理及客户关系维护等工作。,6.5,10.5,22
4-03-03-01,汽车救援员,4,社会生产服务和生活服务人员,提供道路故障车辆现场紧急救援，如换胎、搭电、拖车等户外应急服务。,2.5,8.2,18
4-03-03-02,汽车代驾员,4,社会生产服务和生活服务人员,应客户要求，提供安全驾驶服务，将车辆及客户送达指定地点。,2.8,9.8,85
4-04-01-03,化妆师,4,社会生产服务和生活服务人员,根据客户需求或场景要求，运用化妆技术进行人物形象设计与塑造。,3.8,8.8,55
4-04-02-03,芳香保健师,4,社会生产服务和生活服务人员,运用芳香植物精油，通过按摩、熏蒸等方式为顾客提供身心保健服务。,4.2,7.8,8
4-04-03-01,健身教练,4,社会生产服务和生活服务人员,为会员提供健身指导、制定训练计划、进行动作示范与纠正，并给予激励。,4.0,11.5,70
4-04-03-02,游泳救生员,4,社会生产服务和生活服务人员,值守游泳场所，观察水面情况，预防安全事故，并对溺水者实施紧急救援。,1.5,6.5,15
4-05-02-02,失智老年人照护员,4,社会生产服务和生活服务人员,为失智老年人提供生活照料、康复护理、精神慰藉等专业服务。,2.5,6.5,120
4-05-03-01,保育师,4,社会生产服务和生活服务人员,在托幼机构中，负责婴幼儿日常生活照料、早期教育和安全保障工作。,2.8,7.2,180
4-05-03-02,育婴员,4,社会生产服务和生活服务人员,为0-3岁婴幼儿提供生活照料、保健护理、早期教育和家庭指导服务。,2.7,6.8,200
4-05-04-01,孤残儿童护理员,4,社会生产服务和生活服务人员,为孤残儿童提供生活照料、康复训练、心理疏导和特殊教育等综合性服务。,2.4,6.3,15
4-06-03-01,快递员,4,社会生产服务和生活服务人员,负责快件的揽收、派送、信息录入及客户沟通，依赖路线规划与体力劳动。,4.5,9.5,450
4-06-03-02,快件处理员,4,社会生产服务和生活服务人员,在分拨中心进行快件分拣、扫描、装卸及信息处理，自动化程度较高。,6.8,8.2,80
4-07-01-02,智能楼宇管理员,4,社会生产服务和生活服务人员,负责楼宇智能化系统（如安防、消防、网络）的监控、操作、维护和管理。,5.5,11.5,40
4-07-02-02,违禁品检查员,4,社会生产服务和生活服务人员,在安检点通过设备（如X光机）和人工检查，识别并处置违禁物品。,5.0,8.8,25
4-08-01-01,营销员,4,社会生产服务和生活服务人员,从事市场调研、产品推广、客户开发与维护、销售合同签订等工作。,5.8,12.0,800
4-08-01-02,电子商务师,4,社会生产服务和生活服务人员,利用互联网平台进行网络营销、店铺运营、客户服务及数据分析等工作。,6.5,14.5,350
4-09-01-01,出版物发行员,4,社会生产服务和生活服务人员,从事图书、报刊等出版物的仓储、配送、销售及渠道管理工作。,6.2,10.2,60
4-09-03-01,音像制品复制员,4,社会生产服务和生活服务人员,操作专用设备进行音像制品的批量复制、检测、包装，流程高度自动化。,7.8,9.0,8
4-10-01-01,银行客户业务员,4,社会生产服务和生活服务人员,办理柜面存取款、转账、开户等业务，并提供基础金融咨询服务。,6.0,16.0,150
4-10-03-01,证券经纪人,4,社会生产服务和生活服务人员,为客户提供证券交易代理、投资咨询、账户管理及市场信息等服务。,6.5,22.0,30
4-10-03-02,期货经纪人,4,社会生产服务和生活服务人员,代理客户进行期货交易，提供市场分析、风险管理和投资策略建议。,6.5,23.0,12
4-10-04-01,信托业务员,4,社会生产服务和生活服务人员,负责信托产品的设计、营销、客户关系维护及存续期管理工作。,5.5,25.0,10
4-10-05-01,典当业务员,4,社会生产服务和生活服务人员,从事典当物品的鉴定、评估、收当、赎当及绝当物品处理工作。,4.8,10.5,8
4-10-06-01,租赁业务员,4,社会生产服务和生活服务人员,从事设备、房屋等资产的租赁业务开发、客户洽谈、合同签订与管理。,5.2,11.8,50
4-10-07-01,拍卖师,4,社会生产服务和生活服务人员,主持拍卖活动，通过现场竞价技巧、专业知识及法律程序促成交易。,4.0,18.0,2
4-10-07-02,拍卖员,4,社会生产服务和生活服务人员,协助拍卖师进行拍品征集、资料整理、客户接待及后续手续办理等工作。,5.5,9.5,5
4-10-08-01,废旧物资回收挑选工,4,社会生产服务和生活服务人员,从事废旧物资的收集、分类、分拣和初步整理工作，依赖体力劳动和基础识别能力。,2.5,5.8,120
4-10-08-02,废旧物资加工工,4,社会生产服务和生活服务人员,对回收的废旧物资进行拆解、破碎、清洗、打包等物理加工处理。,3.5,6.2,85
4-01-05-01,停车场管理员,4,社会生产服务和生活服务人员,负责停车场收费、车辆引导、秩序维护及简单设备监控，需人际互动。,4.0,6.5,65
4-01-07-01,供水生产工,4,社会生产服务和生活服务人员,在自来水厂操作设备进行取水、混凝、沉淀、过滤、消毒等制水流程。,3.0,8.5,18
4-01-07-02,供水供应工,4,社会生产服务和生活服务人员,负责供水管网的巡检、维护、抢修及阀门操作等现场作业。,2.5,7.8,25
4-01-07-03,排水工,4,社会生产服务和生活服务人员,从事排水管道、泵站、检查井的疏通、清淤、维护和应急抢险工作。,2.5,7.5,28
4-01-07-04,水处理工,4,社会生产服务和生活服务人员,操作并监控水处理设施，进行水质检测、药剂投加和工艺参数调整。,4.5,9.2,15
4-01-08-01,燃气供应服务员,4,社会生产服务和生活服务人员,负责燃气用户开户、安检、收费、咨询及应急响应等客户服务工作。,4.0,8.0,22
4-01-08-02,燃气储运工,4,社会生产服务和生活服务人员,从事燃气储罐、长输管线的运行监控、设备维护及安全巡检工作。,3.0,9.0,12
4-01-09-01,供热管网系统运行工,4,社会生产服务和生活服务人员,负责供热管网系统的运行监控、调节、巡检及初级故障处理。,3.5,8.8,16
4-01-09-02,锅炉运行值班员,4,社会生产服务和生活服务人员,监控锅炉及辅机运行状态，调整参数，确保安全、经济、稳定供热。,4.0,10.5,14
4-01-10-01,中央空调系统运行操作员,4,社会生产服务和生活服务人员,操作、监控中央空调系统，进行运行调节、维护保养和能耗管理。,4.0,9.5,20
4-01-11-03,遗体防腐师,4,社会生产服务和生活服务人员,运用化学药剂和技术对遗体进行消毒、防腐、保存等处理。,3.0,11.0,2.5
4-01-11-04,遗体整容师,4,社会生产服务和生活服务人员,对遗体进行清洗、塑形、化妆及修复，以恢复自然仪容，需精细手工。,4.5,12.0,2.0
4-01-12-01,计算机维修工,4,社会生产服务和生活服务人员,诊断计算机硬件故障，进行部件更换、维修和系统调试。,5.5,9.0,55
4-01-12-02,办公设备维修工,4,社会生产服务和生活服务人员,维修和维护打印机、复印机、扫描仪等办公设备。,5.0,8.2,40
4-01-12-03,家用电子产品维修工,4,社会生产服务和生活服务人员,维修电视、音响、影碟机等家用电子产品的电路及功能故障。,5.5,8.0,45
4-01-12-04,家用电器产品维修工,4,社会生产服务和生活服务人员,维修冰箱、空调、洗衣机等家用电器的机械及电气系统。,5.0,8.5,60
4-01-13-02,有害生物防制员,4,社会生产服务和生活服务人员,进行鼠、虫、蚊蝇等有害生物的现场勘查、药物施放和防制效果评估。,3.5,7.8,35
4-02-06-01,宠物健康护理员,4,社会生产服务和生活服务人员,从事宠物日常护理、美容、基础健康观察及辅助诊疗等工作。,4.0,7.0,30
4-02-06-02,宠物驯导师,4,社会生产服务和生活服务人员,通过行为训练和互动，矫正和培养宠物的行为习惯，需要大量与动物的直接互动和观察。,3.5,8.5,5.2
4-02-06-03,宠物美容师,4,社会生产服务和生活服务人员,为宠物提供洗浴、修剪毛发、造型等美容服务，依赖手工技巧和与宠物的互动安抚。,4.0,7.8,12.5
4-02-07-02,汽车检测工,4,社会生产服务和生活服务人员,使用专业设备对汽车性能、安全、环保等项目进行检测、诊断并出具报告，部分流程已自动化。,6.5,9.2,18.3
4-02-08-01,农机修理工,4,社会生产服务和生活服务人员,诊断、维修和保养各类农业机械，需现场判断故障并动手操作，环境复杂多变。,4.5,8.0,15.7
4-02-09-01,钟表维修工,4,社会生产服务和生活服务人员,维修、保养和调试各类钟表，依赖精细的手工操作、经验判断和专注力。,4.0,8.5,3.1
4-02-10-01,自行车维修工,4,社会生产服务和生活服务人员,修理、组装和保养自行车，以体力操作和简单故障判断为主，服务本地社区。,3.5,6.5,8.9
4-02-11-01,锁具修理工,4,社会生产服务和生活服务人员,上门开锁、安装和维修各类锁具，高度依赖现场环境、手工技巧和客户信任。,3.0,8.0,6.4
4-03-03-01,商品储运员,4,社会生产服务和生活服务人员,负责商品的入库、存储、拣选、包装和出库等物流作业，正被自动化仓储系统快速替代。,7.0,7.0,85.0
5-01-01-01,农作物种子繁育员,5,农、林、牧、渔业生产及辅助人员,从事作物种子的培育、选种、繁殖和保纯工作，需结合田间实践与生物技术知识。,5.5,7.5,4.8
5-01-01-02,农业技术员,5,农、林、牧、渔业生产及辅助人员,推广农业技术，指导生产，解决田间问题，依赖实地经验、人际沟通和综合判断。,5.0,8.8,22.6
5-01-01-03,农作物植保员,5,农、林、牧、渔业生产及辅助人员,从事病虫害监测、预报和防治工作，需田间巡查、识别并决策，无人机等工具正辅助作业。,5.5,8.2,19.5
5-01-02-01,园艺工,5,农、林、牧、渔业生产及辅助人员,从事园林绿地的种植、养护、修剪等体力劳动，工作环境非结构化。,3.0,6.8,41.2
5-01-02-02,花卉园艺工,5,农、林、牧、渔业生产及辅助人员,专注于花卉的培育、养护和造型，需要精细的手工操作和一定的植物学知识。,3.5,7.2,16.8
5-01-02-03,果、茶、桑园艺工,5,农、林、牧、渔业生产及辅助人员,从事果树、茶树或桑树的栽培、修剪、采摘等田间管理，依赖季节性和经验性操作。,4.0,7.0,35.0
5-01-02-04,食用菌生产工,5,农、林、牧、渔业生产及辅助人员,在可控环境下进行食用菌的接种、培养、管理和采收，部分流程可标准化，但仍需人工监控。,5.0,7.8,9.5
5-01-03-01,中药材种植员,5,农、林、牧、渔业生产及辅助人员,根据传统经验和规范，从事中药材的选地、播种、田间管理和采收。,4.0,7.5,12.3
5-01-03-02,中药材养殖员,5,农、林、牧、渔业生产及辅助人员,从事药用动物的养殖、管理和采收，需要照顾活体动物并应对复杂生物行为。,4.0,7.8,5.7
5-01-04-01,农艺工,5,农、林、牧、渔业生产及辅助人员,从事大田作物的播种、施肥、灌溉、收割等综合性田间作业，体力与经验并重。,4.0,7.0,68.0
5-01-04-02,农业经理人,5,农、林、牧、渔业生产及辅助人员,负责农业生产项目的经营、管理和市场对接，需商业决策、资源协调和人际沟通。,6.0,12.5,3.5
5-01-99-00,其他农业生产人员,5,农、林、牧、渔业生产及辅助人员,泛指从事其他各类农林牧渔生产活动的人员，工作内容多样，以体力劳动和实地经验为主。,4.5,6.5,152.0
5-02-01-01,林业有害生物防治员,5,农、林、牧、渔业生产及辅助人员,负责监测、识别和防治森林病虫害，需现场勘察和操作防治设备。,3.5,6.2,8.5
5-02-01-02,森林抚育工,5,农、林、牧、渔业生产及辅助人员,从事幼林抚育、除草、修枝、间伐等作业，以促进林木健康生长。,2.5,5.8,12.0
5-02-01-03,造林更新工,5,农、林、牧、渔业生产及辅助人员,负责林地清理、整地、苗木栽植等人工造林和森林更新工作。,3.0,5.9,10.5
5-02-01-04,护林员,5,农、林、牧、渔业生产及辅助人员,负责巡护森林，防火防盗，保护野生动植物资源，需较强责任心和判断力。,3.5,6.5,15.0
5-02-01-05,林业技术员,5,农、林、牧、渔业生产及辅助人员,从事林业技术指导、规划设计、资源调查与监测等专业技术工作。,4.5,8.5,6.5
5-02-02-01,木材采伐工,5,农、林、牧、渔业生产及辅助人员,使用油锯等工具进行林木采伐、打枝、造材等重体力野外作业。,2.0,6.5,9.0
5-02-02-02,集材作业工,5,农、林、牧、渔业生产及辅助人员,使用机械或畜力将伐倒木集中到指定地点，劳动强度大。,2.0,6.2,4.5
5-02-02-03,木材水运工,5,农、林、牧、渔业生产及辅助人员,从事木材编排、放排、赶羊流送等水上运输作业，环境特殊。,2.0,6.0,1.5
5-02-02-04,装卸归楞工,5,农、林、牧、渔业生产及辅助人员,在贮木场从事木材的装卸、归堆、分类等纯体力搬运工作。,1.5,5.5,3.0
5-02-03-01,竹材采伐工,5,农、林、牧、渔业生产及辅助人员,从事竹子的选择、砍伐、打枝和运输下山等工作。,2.0,5.8,3.5
5-02-03-02,竹材运输工,5,农、林、牧、渔业生产及辅助人员,负责将采伐后的竹材通过人力或简单工具搬运至集中点。,1.5,5.6,2.5
5-02-04-01,林产品采集工,5,农、林、牧、渔业生产及辅助人员,采集松脂、药材、菌类、果实等非木质林产品，依赖经验和体力。,2.0,5.5,7.0
5-02-99-00,其他林业生产人员,5,农、林、牧、渔业生产及辅助人员,泛指从事其他未分类林业生产活动的人员，工作内容多样。,3.0,6.0,5.0
5-03-01-01,家畜饲养员,5,农、林、牧、渔业生产及辅助人员,负责牛、羊、猪等家畜的日常喂养、圈舍清洁、健康观察等。,3.5,6.8,45.0
5-03-01-02,家禽饲养员,5,农、林、牧、渔业生产及辅助人员,在规模化养殖场从事鸡、鸭等家禽的饲养、管理、防疫等工作。,4.0,6.5,38.0
5-03-01-03,蜜蜂饲养员,5,农、林、牧、渔业生产及辅助人员,管理蜂群，进行转场放蜂、取蜜、育王等，依赖经验和手工操作。,3.0,7.0,4.0
5-03-01-04,实验动物饲养员,5,农、林、牧、渔业生产及辅助人员,在科研机构饲养实验动物，需严格遵循标准化操作规程和记录。,3.5,7.5,2.5
5-03-01-05,宠物驯养员,5,农、林、牧、渔业生产及辅助人员,训练宠物行为，需与动物建立情感联系并运用行为学知识。,4.5,8.0,3.0
5-03-01-06,畜牧技术员,5,农、林、牧、渔业生产及辅助人员,从事畜牧技术推广、品种改良、饲料营养分析、疫病防控指导等。,5.0,9.0,8.0
5-03-02-01,特种经济动物饲养员,5,农、林、牧、渔业生产及辅助人员,饲养鹿、狐、貂等特种经济动物，技术要求高，管理精细。,3.5,8.5,2.0
5-03-02-02,蚕业工,5,农、林、牧、渔业生产及辅助人员,从事桑蚕饲养、桑园管理、蚕茧采收等生产活动。,2.5,4.8,12
5-03-02-03,蜂产品加工工,5,农、林、牧、渔业生产及辅助人员,负责蜂蜜、蜂王浆等蜂产品的收集、初级加工与质量控制。,3.0,5.2,8
5-03-03-01,草业工,5,农、林、牧、渔业生产及辅助人员,从事牧草、草坪等草类植物的种植、养护、收割与管理。,2.5,4.7,15
5-03-99-00,其他畜牧业生产人员,5,农、林、牧、渔业生产及辅助人员,从事除主要畜种外的其他动物饲养、日常管理与生产辅助工作。,2.5,5.0,25
5-04-01-01,水产养殖工,5,农、林、牧、渔业生产及辅助人员,从事鱼、虾、贝类等水生动物的池塘或网箱养殖、投喂与日常管理。,3.0,5.5,45
5-04-01-02,水产技术员,5,农、林、牧、渔业生产及辅助人员,负责水产养殖技术指导、病害防治、水质监测与生产数据记录分析。,4.5,6.8,10
5-04-01-03,水生动物苗种繁育工,5,农、林、牧、渔业生产及辅助人员,从事鱼、虾等水生动物的人工繁殖、育苗培育与孵化场管理。,3.5,6.0,8
5-04-02-01,渔业船员,5,农、林、牧、渔业生产及辅助人员,在渔船上从事捕捞作业辅助、设备操作、甲板维护与航行值班。,2.0,7.2,18
5-04-02-02,水产捕捞工,5,农、林、牧、渔业生产及辅助人员,使用渔具在海洋或内陆水域进行鱼类等水产品的捕捞作业。,2.0,7.5,22
5-04-03-01,水产品加工工,5,农、林、牧、渔业生产及辅助人员,从事水产品的分拣、清洗、分割、冷冻、包装等初加工环节。,3.5,5.8,35
5-04-99-00,其他渔业生产人员,5,农、林、牧、渔业生产及辅助人员,从事渔业资源养护、渔具修补、养殖设施维护等辅助性生产活动。,2.5,5.5,15
5-05-01-01,农机驾驶操作员,5,农、林、牧、渔业生产及辅助人员,驾驶和操作拖拉机、收割机等农业机械进行耕种、收割等田间作业。,4.0,6.5,120
5-05-02-01,农村能源利用工,5,农、林、牧、渔业生产及辅助人员,负责太阳能、生物质能等农村可再生能源设施的安装、运行与维护。,3.5,5.6,6
5-05-02-02,沼气工,5,农、林、牧、渔业生产及辅助人员,从事农村沼气池的建造、投料、出料、管路维护与安全巡查。,3.0,5.3,5
5-05-03-01,农田灌排工程建设管理维护员,5,农、林、牧、渔业生产及辅助人员,负责农田灌溉与排水沟渠、泵站等设施的修建、巡查、清淤与日常维护。,3.0,5.9,20
5-05-04-01,农产品初加工工,5,农、林、牧、渔业生产及辅助人员,从事粮食、果蔬等农产品的脱粒、烘干、筛选、分级、包装等初步处理。,3.5,5.4,85
5-05-04-02,农副林特产品加工工,5,农、林、牧、渔业生产及辅助人员,从事茶叶、中药材、食用菌等特色农副产品的加工、制作与包装。,3.5,5.6,40
5-05-05-01,饲料加工工,5,农、林、牧、渔业生产及辅助人员,操作设备进行饲料原料的粉碎、混合、制粒、包装及生产线维护。,4.0,5.7,18
5-05-06-01,农村信息员,5,农、林、牧、渔业生产及辅助人员,负责农村政策宣传、市场信息收集发布、电子商务辅助及数字设备基础维护。,5.5,6.2,12
5-05-07-01,农作物秸秆综合利用工,5,农、林、牧、渔业生产及辅助人员,从事农作物秸秆的收集、打捆、运输，以及肥料化、燃料化等资源化利用操作。,3.0,5.1,10
5-05-99-00,其他农、林、牧、渔业生产辅助人员,5,农、林、牧、渔业生产及辅助人员,从事传统农业、林业、牧业和渔业的基础生产辅助工作，如物料搬运、场地清理、简单设备看护等。,2.5,5.2,120
5-06-01-02,农业物联网安装调试员,5,农、林、牧、渔业生产及辅助人员,负责农业物联网传感器、控制器等设备的现场安装、布线、联网调试及基础故障排查。,4.5,9.8,15
5-06-02-01,无人机植保操作员,5,农、林、牧、渔业生产及辅助人员,操控无人机进行农田的农药喷洒、施肥等作业，需根据地形和作物情况规划航线并监控作业过程。,5.5,8.5,25
5-06-02-02,农业无人机应用技术员,5,农、林、牧、渔业生产及辅助人员,负责农业无人机的综合应用方案设计、数据分析、高级故障诊断及飞手培训，技术性更强。,6.0,11.2,8
5-06-03-01,智慧农业管理师,5,农、林、牧、渔业生产及辅助人员,利用物联网、大数据平台监控生产环境，分析数据以制定种植/养殖计划，优化资源调配。,6.5,14.5,6
5-06-03-02,农产品电商运营师,5,农、林、牧、渔业生产及辅助人员,负责农产品在线店铺的日常运营、营销活动策划、流量获取及客户关系维护。,7.0,12.8,18
5-06-04-01,休闲农业服务员,5,农、林、牧、渔业生产及辅助人员,在休闲农场、观光园等场所提供接待、导览、活动协助、餐饮服务等，强调面对面服务。,2.0,5.8,35
5-06-04-02,乡村民宿管家,5,农、林、牧、渔业生产及辅助人员,负责民宿的日常运营、客人接待、活动安排、本地文化讲解及个性化服务提供。,3.5,7.5,22
5-06-05-01,农业品牌策划师,5,农、林、牧、渔业生产及辅助人员,为农产品或农业企业进行市场定位、品牌形象设计、营销策略制定及推广内容创意。,5.5,13.5,5
5-06-05-02,农产品直播销售员,5,农、林、牧、渔业生产及辅助人员,通过直播平台展示并销售农产品，需要现场讲解、互动答疑、营造销售氛围。,4.0,10.5,40
5-06-06-01,生态修复工程技术人员,5,农、林、牧、渔业生产及辅助人员,从事退化生态系统（如水土流失区、矿山）的调查评估、修复方案设计及现场技术指导。,5.0,12.0,10
5-06-06-02,湿地保护修复工,5,农、林、牧、渔业生产及辅助人员,在湿地保护区进行植被恢复、有害生物清理、设施维护、水位监测等具体修复与管护作业。,3.0,6.5,8
5-06-07-01,预制菜加工工,5,农、林、牧、渔业生产及辅助人员,在自动化或半自动化生产线上，从事预制菜的清洗、切配、调味、包装等加工环节操作。,6.5,7.2,65
5-06-07-02,中央厨房生产管理员,5,农、林、牧、渔业生产及辅助人员,负责中央厨房的生产计划排程、工艺流程监控、成本控制、人员协调及食品安全管理。,6.0,11.0,12
5-06-09-01,菌类园艺工,5,农、林、牧、渔业生产及辅助人员,从事食用菌等菌类的接种、培养、出菇管理、环境（温湿度）调控及采收工作。,4.0,8.0,20
5-06-09-02,林下经济作物种植员,5,农、林、牧、渔业生产及辅助人员,在林下空间进行中药材、食用菌、特色作物等的种植、养护、采收等生产活动。,3.0,6.8,30
5-06-10-01,海洋牧场管护员,5,农、林、牧、渔业生产及辅助人员,负责海洋牧场的人工鱼礁、网箱等设施的日常巡查、维护、清洁及基础生物监测。,4.5,9.0,5
5-06-10-02,深远海养殖工,5,农、林、牧、渔业生产及辅助人员,在深远海养殖平台或大型网箱从事投喂、网衣清洗更换、健康状况观察、收获等作业。,4.0,10.5,3
5-06-11-01,农业废弃物资源化利用工,5,农、林、牧、渔业生产及辅助人员,操作相关设备，将秸秆、畜禽粪便等农业废弃物进行肥料化、能源化、基料化等处理。,5.5,7.8,15
5-06-11-02,生物质能设备操作员,5,农、林、牧、渔业生产及辅助人员,操作和维护生物质发电、制气或成型燃料生产设备，监控运行参数，处理常见故障。,6.0,9.5,7
5-06-12-01,植物工厂栽培工,5,农、林、牧、渔业生产及辅助人员,在人工光控环境中，操作自动化设备进行作物播种、育苗、移栽、采收等生产活动。,6.5,7.2,8
5-06-12-02,设施农业环境调控员,5,农、林、牧、渔业生产及辅助人员,监控和调控温室、植物工厂等设施内的温度、湿度、光照、CO2浓度等环境参数，保障作物生长。,5.5,8.5,5
5-06-99-00,其他新职业农、林、牧、渔业生产及辅助人员,5,农、林、牧、渔业生产及辅助人员,从事运用新技术、新设备的现代农业生产、管理、维护及辅助性工作。,5.0,7.8,15
6-01-01-01,炼铁人员,6,生产制造及有关人员,操作高炉等设备，将铁矿石冶炼成铁水，并进行炉前操作与设备监控。,7.0,12.5,18
6-01-01-02,炼钢人员,6,生产制造及有关人员,操作转炉、电炉等设备，将铁水冶炼成钢水，并进行精炼与成分控制。,7.0,13.0,15
6-01-01-03,铁合金冶炼人员,6,生产制造及有关人员,操作矿热炉等设备，生产硅铁、锰铁等铁合金产品。,7.0,12.0,6
6-01-01-04,重有色金属冶炼人员,6,生产制造及有关人员,从事铜、铅、锌、镍等重有色金属的熔炼、精炼、电解等生产过程操作。,7.0,13.5,10
6-01-01-05,轻有色金属冶炼人员,6,生产制造及有关人员,从事铝、镁等轻有色金属的氧化铝生产、电解、熔铸等生产过程操作。,7.0,14.0,8
6-01-01-06,稀贵金属冶炼人员,6,生产制造及有关人员,从事金、银、铂及稀土等稀贵金属的提取、分离、精炼和提纯操作。,6.5,15.0,3
6-01-01-07,半导体材料制备人员,6,生产制造及有关人员,操作设备进行硅片等半导体材料的晶体生长、切割、研磨、抛光及清洗等工艺。,6.0,16.5,12
6-01-01-08,金属轧制人员,6,生产制造及有关人员,操作轧机等设备，将金属锭坯轧制成板、带、管、型材等，控制尺寸与性能。,7.5,11.5,22
6-01-01-09,硬质合金生产人员,6,生产制造及有关人员,从事碳化钨等硬质合金的混合、压制、烧结及后续加工处理。,6.5,13.0,4
6-01-02-01,化工产品生产通用工艺人员,6,生产制造及有关人员,操作反应釜、精馏塔等通用化工设备，进行化工产品的生产、分离与纯化。,7.0,11.0,35
6-01-02-02,石油炼制生产人员,6,生产制造及有关人员,操作常减压、催化裂化等装置，将原油加工成汽油、柴油等石油产品。,7.0,14.5,20
6-01-02-03,煤化工生产人员,6,生产制造及有关人员,操作气化、合成等装置，以煤为原料生产甲醇、烯烃等化工产品。,7.0,13.5,12
6-01-02-04,化学肥料生产人员,6,生产制造及有关人员,操作合成、造粒等装置，生产氮肥、磷肥、钾肥及复合肥料。,7.0,10.5,18
6-01-02-05,无机化工生产人员,6,生产制造及有关人员,从事酸、碱、盐及无机化合物（如纯碱、硫酸）的生产工艺操作。,7.0,11.5,15
6-01-02-06,基本有机化工产品生产人员,6,生产制造及有关人员,从事乙烯、丙烯、苯等基础有机化工原料的生产工艺操作。,7.0,12.5,16
6-01-02-07,合成树脂生产人员,6,生产制造及有关人员,操作聚合装置，生产聚乙烯、聚丙烯、PVC等各种合成树脂。,7.0,12.0,10
6-01-02-08,合成橡胶生产人员,6,生产制造及有关人员,操作聚合与后处理装置，生产丁苯橡胶、顺丁橡胶等合成橡胶。,7.0,12.0,8
6-01-02-09,化学纤维生产人员,6,生产制造及有关人员,操作设备生产化学纤维，监控工艺参数，进行质量检查。,6.5,9.8,12
6-01-02-10,合成革生产人员,6,生产制造及有关人员,操作生产线制造合成革，控制涂层、压花等工艺过程。,6.2,9.5,8
6-01-02-11,精细化工产品生产人员,6,生产制造及有关人员,从事高纯度或特定功能化学品的生产、配制与过程控制。,6.8,10.2,15
6-01-02-12,信息记录材料生产人员,6,生产制造及有关人员,生产感光材料、磁性记录材料等，工艺精密，环境控制要求高。,7.0,10.5,3
6-01-02-13,火药制造人员,6,生产制造及有关人员,从事火药配料、混合、造粒等危险工序，强调安全规程与操作。,5.5,11.0,2
6-01-02-14,炸药制造人员,6,生产制造及有关人员,操作专用设备生产各类炸药，流程危险，需严格遵循安全规范。,5.5,11.2,2
6-01-02-15,林产化工产品生产人员,6,生产制造及有关人员,以林产品为原料，通过化学加工生产松香、活性炭等产品。,6.0,9.2,5
6-01-03-01,机械冷加工人员,6,生产制造及有关人员,操作车、铣、刨、磨等机床进行金属切削加工，编程与操作为主。,7.5,10.0,45
6-01-03-02,机械热加工人员,6,生产制造及有关人员,从事铸造、锻造、热处理等工序，依赖经验控制材料组织性能。,6.0,10.8,30
6-01-03-03,特种加工设备操作人员,6,生产制造及有关人员,操作电火花、激光、3D打印等数控设备进行高精度特种加工。,7.2,11.5,10
6-01-03-04,机电产品装配人员,6,生产制造及有关人员,组装机电产品，进行部件连接、线路敷设与基础调试。,6.8,9.5,60
6-01-03-05,动力设备装配人员,6,生产制造及有关人员,装配发动机、涡轮机等动力设备，涉及精密配合与测试。,6.5,11.0,8
6-01-03-06,电气元件及设备装配人员,6,生产制造及有关人员,组装变压器、开关柜等电气设备，进行布线、焊接与初步检测。,6.8,9.8,40
6-01-03-07,汽车零部件再制造工,6,生产制造及有关人员,对旧汽车零部件进行拆解、检测、修复与再装配，使其恢复性能。,6.0,9.0,6
6-01-04-01,基础件装配人员,6,生产制造及有关人员,从事轴承、齿轮、紧固件等标准机械基础件的组装与检验工作。,7.0,9.2,35
6-01-04-02,部件装配人员,6,生产制造及有关人员,将多个零件组装成完整的功能部件，如变速箱、液压阀块等。,6.5,9.3,50
6-01-04-03,发动机装配人员,6,生产制造及有关人员,完成发动机总成的精密装配、拧紧、测量与冷试，工艺复杂。,6.2,11.5,12
6-01-04-04,船舶制造人员,6,生产制造及有关人员,从事船体分段建造、舾装、焊接等工作，环境复杂，定制化程度高。,5.8,12.0,20
6-01-04-05,航空产品装配与相关设备操作人员,6,生产制造及有关人员,进行飞机部件装配、系统安装与调试，遵循极其严格的工艺规范。,6.5,14.0,8
6-01-04-06,航天器装配测试人员,6,生产制造及有关人员,从事航天器总装、集成与测试，工作高度精密、复杂且多为小批量。,6.0,15.0,3
6-01-04-07,轨道交通装备装配人员,6,生产制造及有关人员,从事轨道交通车辆、信号等设备的组装、安装和基础调试工作。,6.5,11.2,45
6-01-05-01,汽车整车制造人员,6,生产制造及有关人员,在流水线上从事汽车车身焊接、涂装、总装等生产制造工作。,7.0,12.1,180
6-01-05-02,汽车零部件、饰件生产加工人员,6,生产制造及有关人员,从事汽车各类零部件、内外饰件的机械加工、注塑、装配等工作。,6.8,10.8,220
6-01-05-05,船舶修理人员,6,生产制造及有关人员,从事船舶船体、轮机、电气等系统的检测、维修和保养工作。,5.5,13.5,25
6-01-05-07,航空产品修理人员,6,生产制造及有关人员,从事飞机及其部件的高精度检测、维修、翻新和定检工作。,5.0,16.8,12
6-01-05-10,轨道交通装备修理人员,6,生产制造及有关人员,从事轨道交通车辆及固定设施的故障诊断、维护和修理工作。,5.8,12.0,30
6-01-06-01,电子专用设备装调人员,6,生产制造及有关人员,从事半导体、显示面板等电子专用生产设备的安装、调试和维护。,7.2,13.0,60
6-01-06-03,电子元件制造人员,6,生产制造及有关人员,从事电阻、电容、电感等基础电子元件的生产、测试和封装工作。,7.5,11.5,150
6-01-06-04,电池制造人员,6,生产制造及有关人员,从事锂离子电池等各类电池的电极制作、装配、化成和检测工作。,7.3,12.5,100
6-01-06-05,电子器件制造人员,6,生产制造及有关人员,从事二极管、晶体管等分立器件或基础集成电路的制造与测试。,7.4,12.8,120
6-01-06-06,通信系统设备制造人员,6,生产制造及有关人员,从事基站、传输设备等通信系统设备的组装、调试和测试工作。,7.0,14.2,50
6-01-06-07,通信终端设备制造人员,6,生产制造及有关人员,从事手机、路由器等通信终端产品的组装、功能测试和包装工作。,7.6,11.8,80
6-01-06-08,雷达装配调试人员,6,生产制造及有关人员,从事雷达天馈系统、收发组件的精密装配、联调和性能测试。,6.0,15.5,8
6-01-06-09,半导体芯片制造工,6,生产制造及有关人员,在洁净室内操作光刻、刻蚀、薄膜等设备进行半导体晶圆制造。,7.8,16.5,40
6-01-06-10,半导体分立器件和集成电路装调工,6,生产制造及有关人员,从事芯片封装、引线键合、成品测试及模块组装调试工作。,7.0,14.8,35
6-01-07-01,计算机整机装配调试人员,6,生产制造及有关人员,从事服务器、台式机、笔记本等计算机整机的流水线装配与基础测试。,7.7,11.0,55
6-01-07-02,计算机零部件装配调试人员,6,生产制造及有关人员,从事主板、内存、显卡等计算机内部零部件的组装、焊接和测试。,7.5,11.3,70
6-01-07-03,计算机外部设备装配调试人员,6,生产制造及有关人员,从事打印机、显示器、键盘鼠标等计算机外设的组装与功能测试。,7.6,10.5,65
6-01-07-04,计算机网络设备装配调试人员,6,生产制造及有关人员,从事交换机、路由器等网络设备的硬件组装、板卡配置和连通性测试。,7.1,13.5,40
6-01-07-05,智能硬件装调员,6,生产制造及有关人员,从事智能家居、可穿戴设备等智能硬件的组装、软件烧录和功能调试。,6.5,13.2,90
6-01-08-01,仪器仪表装配人员,6,生产制造及有关人员,从事精密仪器仪表的组装、调试与检验工作。,7.2,8.5,18
6-01-08-02,电工仪器仪表装配工,6,生产制造及有关人员,负责电工类仪器仪表的零部件装配、线路连接与功能测试。,7.0,8.8,15
6-01-08-03,工业自动化仪器仪表与装置装配工,6,生产制造及有关人员,组装和调试用于工业自动化控制的仪器仪表及成套装置。,6.8,9.2,12
6-01-08-04,光学仪器制造工,6,生产制造及有关人员,从事透镜、棱镜等光学元件的加工、镀膜及光学仪器的装配。,6.5,9.5,8
6-01-08-05,电气仪器仪表装配工,6,生产制造及有关人员,负责电气参数测量仪表的装配、校准与性能测试。,7.1,8.7,16
6-01-09-01,锅炉设备装配工,6,生产制造及有关人员,从事锅炉本体及辅机的组装、焊接与安装调试工作。,6.0,10.1,10
6-01-09-02,汽轮机装配工,6,生产制造及有关人员,负责汽轮机转子、缸体等核心部件的精密装配与动平衡测试。,5.8,11.0,6
6-01-09-03,发电机装配工,6,生产制造及有关人员,从事发电机定子、转子的嵌线、装配及总装调试。,6.2,10.5,9
6-01-09-04,电动机制造工,6,生产制造及有关人员,负责电动机铁芯叠压、绕组嵌线、装配与出厂试验。,7.3,9.0,22
6-01-09-05,变压器互感器制造工,6,生产制造及有关人员,从事变压器铁芯叠装、线圈绕制、器身装配及真空处理。,7.0,9.8,11
6-01-09-06,高低压电器装配工,6,生产制造及有关人员,负责开关柜、断路器、配电箱等高低压电器的组装与接线。,6.9,9.3,25
6-01-09-07,电力电缆制造工,6,生产制造及有关人员,从事电缆导体的拉丝、绞合、绝缘挤塑、成缆及护套生产。,7.5,8.2,14
6-01-09-08,光伏组件制造工,6,生产制造及有关人员,负责太阳能电池片的串焊、叠层、层压、装框及测试封装。,7.8,8.0,30
6-01-09-09,风电机组制造工,6,生产制造及有关人员,从事风力发电机组叶片、机舱、塔筒等大型部件的制造与预组装。,5.5,11.5,7
6-01-10-01,铸造工,6,生产制造及有关人员,操作熔炼炉、造型设备进行金属熔炼、浇注、清砂，生产铸件。,7.6,7.8,35
6-01-10-02,锻造工,6,生产制造及有关人员,操作锻压设备对金属坯料进行加热、锻打，成型为锻件。,6.4,9.6,13
6-01-10-03,冲压工,6,生产制造及有关人员,操作冲床、压力机进行下料、冲孔、弯曲等金属板材成型加工。,8.0,7.5,40
6-01-10-04,焊工,6,生产制造及有关人员,使用电弧焊、气体保护焊等方法进行金属材料的连接与修补。,5.0,10.8,180
6-01-10-05,金属热处理工,6,生产制造及有关人员,操作热处理设备，通过退火、淬火等工艺改变金属材料性能。,6.7,9.4,10
6-01-10-06,机械加工材料切割工,6,生产制造及有关人员,操作锯床、剪板机、火焰/等离子切割机等进行材料下料与分割。,7.9,7.6,45
6-01-10-07,工具钳工,6,生产制造及有关人员,使用工具和机械设备，进行零件加工、装配、调试和维修的熟练技术工人。,6.5,9.8,120
6-01-10-08,模具工,6,生产制造及有关人员,从事模具设计、制造、装配、调试、维修和保养的专业技术人员。,6.8,11.2,85
6-01-10-09,机床装调维修工,6,生产制造及有关人员,负责机床设备的安装、调试、精度检测、故障诊断与维修保养工作。,5.5,12.5,65
6-01-11-01,工业机器人系统操作员,6,生产制造及有关人员,操作工业机器人系统，完成设定生产任务，并进行日常监控与简单维护。,7.2,13.8,45
6-01-11-02,工业机器人系统运维员,6,生产制造及有关人员,负责工业机器人系统的日常维护、故障排除、程序优化及技术升级支持。,4.5,15.6,38
6-01-11-03,增材制造设备操作员,6,生产制造及有关人员,操作3D打印等增材制造设备，进行模型处理、参数设置、打印过程监控和后处理。,7.0,14.2,25
6-01-11-05,服务机器人应用技术员,6,生产制造及有关人员,负责服务机器人的部署、调试、场景应用适配、日常维护及用户培训。,5.0,14.5,30
6-01-12-02,区块链应用操作员,6,生产制造及有关人员,负责区块链平台的日常运维、节点管理、智能合约部署与监控、数据上链等操作。,8.0,22.0,15
6-01-12-03,人工智能训练师,6,生产制造及有关人员,负责数据标注、算法模型训练、效果评估与优化，是人机协作的关键角色。,3.5,20.5,28
6-01-12-06,物联网安装调试员,6,生产制造及有关人员,负责物联网设备的安装、组网、协议配置、系统联调及基础故障排查。,5.8,13.0,55
6-01-12-07,虚拟现实产品设计师,6,生产制造及有关人员,负责VR/AR产品的交互设计、场景构建、用户体验优化及内容开发。,6.0,19.8,18
6-01-12-08,数字化解决方案设计师,6,生产制造及有关人员,分析客户需求，设计将业务流程与数字技术结合的综合性解决方案。,4.0,24.5,42
6-01-12-09,数据安全工程技术人员,6,生产制造及有关人员,负责设计、实施和维护数据安全体系，进行安全风险评估、监测与应急响应。,3.0,26.8,35
6-01-12-10,密码技术应用员,6,生产制造及有关人员,负责密码技术的应用开发、集成、运维管理及合规性检查。,3.2,23.5,12
6-01-13-02,装配式建筑施工员,6,生产制造及有关人员,负责装配式建筑构件的现场吊装、定位、连接、安装及施工质量控制。,5.2,11.5,95
6-01-13-04,建筑节能减排咨询师,6,生产制造及有关人员,为建筑项目提供能耗分析、节能技术方案设计、减排评估与认证咨询。,4.8,16.8,22
6-01-13-05,全媒体运营师,6,生产制造及有关人员,负责跨平台内容策划、制作、发布、推广及数据分析，以提升品牌影响力。,7.5,15.2,150
6-01-13-11,出生缺陷防控咨询师,6,生产制造及有关人员,为育龄人群提供出生缺陷知识科普、风险评估、筛查指导及干预建议咨询。,2.5,14.0,8
6-01-13-12,康复辅助技术咨询师,6,生产制造及有关人员,评估功能障碍者需求，为其适配、定制、指导使用康复辅助器具并提供培训。,2.8,13.2,10
6-01-13-13,无人机装调检修工,6,生产制造及有关人员,负责无人机的组装、调试、飞行测试、日常维护及故障诊断与维修。,5.5,12.8,32
6-01-13-14,铁路综合维修工,6,生产制造及有关人员,负责铁路线路、信号、通信、供电等设备的日常检查、维护和故障处理。,3.5,9.5,15
6-01-13-16,电气电子产品环保检测员,6,生产制造及有关人员,依据环保法规，对电气电子产品的有害物质含量、回收利用性等进行检测与评估。,5.5,12.8,8
6-01-13-17,工业废水处理工,6,生产制造及有关人员,操作和维护废水处理设施，监控水质，确保工业废水达标排放。,4.0,10.2,12
6-01-13-18,工业固体废物处理处置工,6,生产制造及有关人员,负责工业固体废物的收集、分类、贮存、处理、处置及资源化利用操作。,4.0,10.5,10
6-01-13-19,危险废物处理工,6,生产制造及有关人员,从事危险废物的收集、运输、贮存、处理、处置等高风险作业。,3.5,11.8,6
6-01-13-20,碳排放管理员,6,生产制造及有关人员,监测、核算、报告企业或项目的碳排放数据，并提供减排策略咨询。,6.5,16.5,5
6-01-13-21,管廊运维员,6,生产制造及有关人员,负责城市地下综合管廊的日常巡检、设备维护、安全监控和应急处理。,4.5,11.2,4
6-01-13-22,酒体设计师,6,生产制造及有关人员,运用感官品评和调配技术，设计并优化酒类产品的风味、口感与风格。,5.0,18.0,2
6-01-13-23,食品安全管理师,6,生产制造及有关人员,负责食品生产、流通、餐饮等环节的食品安全风险控制、体系建立与监督管理。,5.5,14.5,20
6-01-13-25,电子数据取证分析师,6,生产制造及有关人员,利用专业技术工具，对电子设备中的数据进行提取、固定、分析和鉴定，用于司法或调查。,7.0,19.5,3
6-01-13-26,职业培训师,6,生产制造及有关人员,根据市场需求和学员特点，开发培训课程，并组织实施教学与评估。,6.0,15.8,50
6-01-13-28,建筑幕墙设计师,6,生产制造及有关人员,负责建筑幕墙系统的方案设计、结构计算、施工图绘制及技术协调。,6.5,17.2,6
6-01-13-31,企业合规师,6,生产制造及有关人员,帮助企业识别、评估并管理法律、政策及内部规章的合规风险。,6.0,20.5,15
6-01-13-32,公司金融顾问,6,生产制造及有关人员,为企业提供融资、投资、并购、风险管理等金融领域的专业咨询与方案设计。,7.5,28.0,12
6-01-13-33,易货师,6,生产制造及有关人员,为企业或个人策划并执行非货币性的商品或服务交换方案，优化资源配置。,6.5,13.5,1
6-01-13-36,调饮师,6,生产制造及有关人员,根据顾客需求，运用专业技巧调配茶饮、咖啡、鸡尾酒等饮品。,3.0,8.5,30
6-01-13-45,退役军人事务员,6,生产制造及有关人员,为退役军人提供政策咨询、就业扶持、优抚帮扶、权益维护等服务。,4.5,11.5,8
6-01-13-47,数据库运行管理员,6,生产制造及有关人员,负责数据库系统的安装、配置、监控、备份、恢复、性能优化与安全管理。,8.0,22.0,25
6-01-13-48,信息系统适配验证师,6,生产制造及有关人员,测试和验证信息系统在不同软硬件环境下的兼容性、功能与性能表现。,7.0,18.8,7
6-01-13-49,数字孪生应用技术员,6,生产制造及有关人员,负责构建、维护和应用物理实体的数字孪生模型，用于仿真、预测和优化。,7.5,23.5,4
6-01-13-50,商务数据分析师,6,生产制造及有关人员,运用数据分析工具，为生产制造企业提供市场、运营等方面的商业洞察和决策支持。,8.5,22.5,85
6-01-13-51,碳汇计量评估师,6,生产制造及有关人员,通过监测、核算与评估森林、草原等生态系统的碳汇能力，服务于碳中和目标。,6.5,18.2,12
6-01-13-53,综合能源服务员,6,生产制造及有关人员,从事区域或企业内多种能源系统的运行监控、调度管理、节能咨询与客户服务。,6.0,16.8,28
6-01-13-54,家庭教育指导师,6,生产制造及有关人员,为家庭提供儿童发展、亲子关系、教育方法等方面的咨询、指导和培训服务。,3.5,14.5,65
6-01-13-55,研学旅行指导师,6,生产制造及有关人员,策划并组织实施研学旅行活动，在旅行过程中对学生进行知识讲解、引导和安全管理。,3.0,13.2,40
6-01-13-58,煤提质工,6,生产制造及有关人员,操作专业设备对原煤进行洗选、加工、提质，以提升煤质和利用效率。,7.0,15.0,18
6-01-13-60,机器人工程技术人员,6,生产制造及有关人员,从事工业机器人及自动化系统的设计、编程、集成、调试、维护和技术支持工作。,5.5,26.0,55
6-01-01-01,车工,6,生产制造及有关人员,操作车床，对金属等工件进行旋转切削加工，以制造符合图纸要求的零件。,7.8,11.5,120
6-01-01-02,铣工,6,生产制造及有关人员,操作铣床，使用铣刀对工件进行平面、沟槽、齿轮等多种复杂型面的切削加工。,7.8,11.8,110
6-01-01-03,刨插工,6,生产制造及有关人员,操作刨床或插床，对工件进行直线往复运动的切削加工，主要用于平面和沟槽加工。,8.0,10.5,35
6-01-01-04,磨工,6,生产制造及有关人员,操作磨床，利用砂轮等磨具对工件表面进行精加工，以达到高精度和光洁度要求。,7.5,12.0,95
6-01-01-05,镗工,6,生产制造及有关人员,操作镗床，对已有孔（如箱体零件上的孔）进行扩大、精加工，保证孔的尺寸和位置精度。,7.7,12.2,50
6-01-01-06,钻床工,6,生产制造及有关人员,操作钻床，在工件上进行钻孔、扩孔、铰孔等加工，是基础的金属切削工种。,8.2,10.0,80
6-01-01-07,加工中心操作调整工,6,生产制造及有关人员,操作数控加工中心，进行多工序复合加工，负责程序调用、工件装夹、刀具调整和过程监控。,7.2,18.5,75
6-01-01-08,制齿工,6,生产制造及有关人员,操作滚齿机、插齿机等专用设备，制造齿轮的轮齿，是精密机械制造的关键工种。,7.5,13.5,30
6-01-01-09,拉床工,6,生产制造及有关人员,操作拉床，使用拉刀加工工件内孔或外表面的各种异形槽、花键等，属于特种加工。,8.1,10.8,20
6-01-01-10,锯床工,6,生产制造及有关人员,操作锯床（如带锯、圆锯），按照要求将金属或其他材料型材进行切断或开槽。,8.5,9.5,45
6-01-01-11,特种加工设备操作工,6,生产制造及有关人员,操作电火花、激光、超声波等特种加工设备，对难加工材料或复杂形状工件进行加工。,6.8,16.0,25
6-01-01-12,数控机床装调维修工,6,生产制造及有关人员,负责数控机床的机械装配、电气接线、精度调试、故障诊断与维修保养。,5.0,19.0,60
6-01-02-06,粉末冶金制造工,6,生产制造及有关人员,操作压制成型、烧结、后处理等设备，生产金属粉末制品和硬质合金制品。,7.0,14.0,15
6-01-02-07,钣金工,6,生产制造及有关人员,操作设备对金属板材进行切割、弯曲、成型等加工，制造金属构件。,6.5,8.5,45
6-01-02-08,电切削工,6,生产制造及有关人员,操作电火花、线切割等设备，利用电能对金属进行精密加工。,7.2,9.2,18
6-01-02-09,硬质合金成型工,6,生产制造及有关人员,操作压力机等设备，将硬质合金粉末压制成特定形状的毛坯。,6.8,9.8,6
6-01-02-10,硬质合金烧结工,6,生产制造及有关人员,操作烧结炉，控制温度与气氛，使硬质合金压坯致密化并获得性能。,6.5,10.5,4
6-01-02-11,硬质合金精加工工,6,生产制造及有关人员,对烧结后的硬质合金制品进行研磨、抛光等精密加工，达到尺寸与表面要求。,6.0,10.2,5
6-01-03-01,机械钳工,6,生产制造及有关人员,使用手工工具和机床，进行零部件的装配、调试、维修和划线等工作。,5.5,9.5,65
6-01-03-04,模型制作工,6,生产制造及有关人员,根据图纸或设计，制作产品原型、铸造用模具或展示模型。,6.2,9.0,12
6-01-03-05,内燃机装配调试工,6,生产制造及有关人员,负责内燃机零部件的装配、总成，并进行性能测试与故障排除。,6.5,10.8,22
6-01-03-08,电机装配工,6,生产制造及有关人员,完成电机定子、转子等部件的组装、绕线、浸漆及总装测试。,6.8,9.6,28
6-01-03-10,电线电缆制造工,6,生产制造及有关人员,操作拉丝、绞线、挤塑等设备，生产各类电线电缆产品。,7.0,8.8,32
6-01-03-12,电冰箱、空调器制造工,6,生产制造及有关人员,在流水线上从事冰箱、空调的部件装配、焊接、抽真空、灌注冷媒等工作。,7.3,9.3,38
6-01-03-13,洗衣机制造工,6,生产制造及有关人员,在装配线上完成洗衣机箱体、内桶、电机、控制系统的组装与调试。,7.3,9.1,25
6-01-03-14,小型家用电器制造工,6,生产制造及有关人员,从事电饭煲、电风扇、吸尘器等小家电的零部件组装、焊接和测试。,7.0,8.6,40
6-01-03-15,汽车生产线操作工,6,生产制造及有关人员,在汽车总装线上，按节拍完成指定工位的零部件安装、紧固或检测工作。,7.5,10.2,120
6-01-03-16,汽车饰件制造工,6,生产制造及有关人员,制造汽车内饰板、座椅面料、仪表盘等内饰件，涉及裁剪、成型、包覆等工艺。,6.8,9.4,30
6-01-03-18,轴承制造工,6,生产制造及有关人员,操作磨床、超精机等设备，加工轴承套圈、滚动体，并进行装配与检测。,7.0,9.7,26
6-01-03-19,紧固件制造工,6,生产制造及有关人员,操作冷镦机、搓丝机等设备，生产螺栓、螺母、螺钉等标准紧固件。,7.2,8.9,35
6-01-03-20,弹簧工,6,生产制造及有关人员,操作卷簧机、热处理设备，制造各种压缩、拉伸、扭转弹簧，并进行检测。,6.8,9.0,15
6-01-03-21,链条制造工,6,生产制造及有关人员,从事链条零件的加工、组装、铆接以及整链的预拉和测试。,7.0,8.7,10
6-01-03-22,液压元件装配调试工,6,生产制造及有关人员,装配液压泵、阀、油缸等元件，并进行清洗、性能测试与故障诊断。,6.0,10.5,14
6-01-03-23,气动元件装配调试工,6,生产制造及有关人员,从事气动元件的组装、测试、调试与故障排除工作。,6.5,9.8,12.5
6-01-03-24,密封件制造工,6,生产制造及有关人员,操作专用设备，制造各类工业用密封件，并进行质量检验。,7.0,8.5,8.2
6-01-03-25,机械密封工,6,生产制造及有关人员,负责机械密封件的精密装配、研磨、测试与安装。,6.0,10.2,6.8
6-01-03-26,分析仪器仪表装配工,6,生产制造及有关人员,从事精密分析仪器仪表的组装、校准、调试与功能验证。,6.8,11.5,9.5
6-01-03-28,光学仪器仪表装配工,6,生产制造及有关人员,负责光学镜头、仪器等精密部件的清洁、组装、对光与调试。,6.2,11.8,7.2
6-01-03-29,工业自动化仪器仪表装配工,6,生产制造及有关人员,组装、调试工业自动化控制系统中的传感器、变送器、控制器等仪表。,7.2,12.3,15.6
6-01-03-30,钟表及计时仪器制造工,6,生产制造及有关人员,从事钟表、计时仪器机芯及成表的精密组装、调试与维修。,6.5,9.5,3.5
6-01-03-31,衡器装配调试工,6,生产制造及有关人员,负责各类衡器的机械与电子部分组装、标定、精度调试与检定。,6.8,9.2,4.1
6-01-03-32,铁路机车机械制修工,6,生产制造及有关人员,负责铁路机车机械部分的检查、维修、保养与部件更换。,5.5,13.5,8.0
6-01-03-33,铁路车辆机械制修工,6,生产制造及有关人员,负责铁路客货车厢机械部件的检查、维修、保养与故障处理。,5.5,12.8,9.5
6-01-03-34,铁路机车电气装修工,6,生产制造及有关人员,负责铁路机车电气系统、控制电路的检查、测试、维修与布线。,6.0,14.2,7.2
6-01-03-35,铁路车辆电气装修工,6,生产制造及有关人员,负责铁路车辆照明、空调、广播等电气设备的检查与维修。,6.0,13.5,8.5
6-01-03-36,动车组制修师,6,生产制造及有关人员,从事高速动车组的制造、高级别检修、系统调试与故障诊断。,5.8,16.8,6.0
6-01-03-37,铁路机车车辆制动钳工,6,生产制造及有关人员,专门负责机车车辆空气制动、基础制动系统的检修、试验与调试。,5.0,12.5,5.5
6-01-03-38,工程机械装配调试工,6,生产制造及有关人员,从事挖掘机、起重机等工程机械的整机装配、液压系统调试与试车。,6.5,11.2,18.5
6-01-03-39,农业机械装配调试工,6,生产制造及有关人员,负责拖拉机、收割机等农业机械的装配、功能调试与出厂检验。,6.3,9.5,14.2
6-01-03-40,纺织机械装配调试工,6,生产制造及有关人员,从事纺纱、织布、印染等纺织机械的组装、精度调整与试运行。,6.7,10.5,11.8
6-01-03-41,轻工机械装配调试工,6,生产制造及有关人员,负责食品、包装、塑料等轻工行业专用机械的装配与调试。,6.7,10.0,16.0
6-01-03-42,木工机械装配调试工,6,生产制造及有关人员,从事木工机床、板材加工生产线等设备的机械与电气装配调试。,6.5,9.8,7.5
6-01-03-43,印刷机械装配调试工,6,生产制造及有关人员,负责胶印机、数码印刷机等精密印刷设备的机械总装、套准与色彩调试。,6.8,11.0,6.2
6-01-03-44,制药机械装配调试工,6,生产制造及有关人员,负责制药专用设备的组装、调试、维护，确保设备符合GMP标准运行。,5.5,11.2,8.5
6-01-03-45,矿山机械装配调试工,6,生产制造及有关人员,从事矿山开采、运输等大型机械设备的现场安装、调试与故障排除工作。,5.0,12.8,15.2
6-01-03-46,起重装卸机械装配调试工,6,生产制造及有关人员,负责起重机、吊车等装卸设备的组装、调试、精度校准和安全测试。,5.2,11.5,18.6
6-01-03-47,泵装配调试工,6,生产制造及有关人员,从事各类泵体（如离心泵、真空泵）的精密装配、性能测试和运行参数调试。,5.8,10.9,12.3
6-01-03-48,风机装配调试工,6,生产制造及有关人员,负责工业风机、通风设备的组装、动平衡调试、风量与压力性能测试。,5.7,11.1,9.8
6-01-03-49,压缩机装配调试工,6,生产制造及有关人员,从事空气压缩机、制冷压缩机等设备的精密装配、密封性测试与运行调试。,5.9,12.3,10.5
6-01-03-50,阀门装配调试工,6,生产制造及有关人员,负责工业阀门（如截止阀、安全阀）的组装、密封测试、压力调试与质量控制。,5.6,10.7,14.2
6-01-03-51,减速机装配调试工,6,生产制造及有关人员,从事齿轮减速机、行星减速机等传动设备的精密装配、啮合调试与负载测试。,5.8,11.4,11.7
6-01-03-71,信息安全测试员,6,生产制造及有关人员,通过渗透测试、漏洞扫描等技术评估系统安全性，模拟攻击并提供防护建议。,7.5,18.6,22.4
6-01-01-01,炼铁原料工,6,生产制造及有关人员,负责铁矿石、焦炭等原料的配比、输送、筛分及高炉上料系统操作与监控。,6.8,13.2,6.5
6-01-01-02,炼铁工,6,生产制造及有关人员,操作高炉，监控铁水冶炼过程，调整风温、压力等参数，确保生铁质量与产量。,6.5,14.8,8.2
6-01-01-03,高炉运转工,6,生产制造及有关人员,负责高炉辅助系统（如热风炉、煤气净化）的运行监控、设备巡检与维护操作。,6.3,13.5,7.1
6-01-02-01,炼钢原料工,6,生产制造及有关人员,负责废钢、铁水、合金等炼钢原料的称量、配比、加料及预处理操作。,6.7,13.0,5.9
6-01-02-02,炼钢工,6,生产制造及有关人员,操作转炉、电炉等设备进行钢水冶炼，控制温度、成分，完成脱氧、合金化等工艺。,6.4,15.2,7.8
6-01-02-03,炼钢浇铸工,6,生产制造及有关人员,负责钢水连铸或模铸操作，控制浇铸速度、温度，确保铸坯质量与成型。,6.2,14.1,6.3
6-01-02-04,炼钢准备工,6,生产制造及有关人员,从事炼钢前炉衬修补、钢包烘烤、工具准备及生产现场辅助作业。,6.0,12.6,5.2
6-01-02-05,金属轧制工,6,生产制造及有关人员,操作轧机将钢坯轧制成板材、型材等，控制厚度、温度、速度等工艺参数。,6.6,13.9,16.4
6-01-02-06,金属材热处理工,6,生产制造及有关人员,通过退火、淬火、回火等工艺改善金属材料性能，操作热处理炉并监控工艺曲线。,6.9,13.7,9.7
6-01-02-07,金属材精整工,6,生产制造及有关人员,对轧制后的金属材料进行矫直、切割、表面处理、检验包装等后续加工。,5.5,12.1,14.8
6-01-02-08,金属材丝拉拔工,6,生产制造及有关人员,操作拉拔设备将金属坯料拉制成细丝，控制模具、润滑、张力与尺寸精度。,5.4,11.8,8.6
6-01-02-09,金属挤压工,6,生产制造及有关人员,操作挤压设备，将加热后的金属坯料通过模具挤压成型材或管材。,6.5,9.8,12.5
6-01-02-10,铸轧工,6,生产制造及有关人员,操作铸轧设备，将熔融金属连续铸造并轧制成带坯或板材。,6.8,10.2,8.2
6-01-03-01,重冶备料工,6,生产制造及有关人员,负责重金属冶炼前的原料准备、配料、混料及输送工作。,6.0,9.5,6.5
6-01-03-02,重冶火法冶炼工,6,生产制造及有关人员,操作高温冶炼炉，通过火法工艺从矿石中提取和精炼重金属。,7.0,11.5,5.8
6-01-03-03,重冶湿法冶炼工,6,生产制造及有关人员,利用化学溶剂，通过浸出、萃取、电解等湿法工艺提取和分离金属。,6.8,11.2,4.5
6-01-03-04,电解精炼工,6,生产制造及有关人员,操作电解槽，通过电解过程提纯金属，控制电流、电压和溶液成分。,7.2,11.8,4.0
6-01-03-05,烟气制酸工,6,生产制造及有关人员,监控和处理冶炼烟气，通过催化转化等工艺生产硫酸。,7.5,12.5,2.5
6-01-04-01,轻冶备料工,6,生产制造及有关人员,负责轻金属冶炼前的原料破碎、筛分、干燥和配料等准备工作。,6.0,9.6,5.5
6-01-04-02,轻冶火法冶炼工,6,生产制造及有关人员,操作还原炉或熔炼炉，通过高温火法工艺生产铝、镁等轻金属。,7.0,12.0,4.2
6-01-04-03,轻冶湿法冶炼工,6,生产制造及有关人员,采用湿法冶金工艺，处理轻金属矿石或中间产物，进行化学分离和提纯。,6.8,11.5,3.0
6-01-04-04,铝电解工,6,生产制造及有关人员,操作大型铝电解槽，控制工艺参数，生产原铝，劳动强度大，环境要求高。,7.3,13.5,15.0
6-01-04-05,镁电解工,6,生产制造及有关人员,操作镁电解槽，通过电解熔融氯化镁生产金属镁，需严格控制工艺条件。,7.3,13.0,1.8
6-01-04-06,硅冶炼工,6,生产制造及有关人员,操作矿热炉，使用碳质还原剂冶炼硅石，生产工业硅或硅铁合金。,7.0,12.2,3.5
6-01-05-01,钨钼冶炼工,6,生产制造及有关人员,通过火法或湿法工艺，从精矿中提取和提纯钨、钼等难熔金属。,6.9,12.8,1.2
6-01-05-02,钽铌冶炼工,6,生产制造及有关人员,采用复杂的湿法冶金和火法冶金工艺，分离和提纯钽、铌稀有金属。,6.9,13.2,0.8
6-01-05-03,钛冶炼工,6,生产制造及有关人员,操作镁热还原或电解工艺设备，从四氯化钛中生产海绵钛。,7.1,14.0,1.5
6-01-05-04,稀土冶炼工,6,生产制造及有关人员,通过萃取、分离等湿法工艺，从稀土矿物中提取和分离各种稀土元素。,7.0,13.8,2.0
6-01-05-05,贵金属冶炼工,6,生产制造及有关人员,采用精炼工艺，从含金、银、铂族金属的原料中提纯贵金属。,6.7,14.5,1.0
6-01-06-01,喷煤工,6,生产制造及有关人员,操作喷煤系统，将煤粉制备并喷入高炉，以替代部分焦炭，降低炼铁成本。,6.5,10.5,3.2
6-01-06-02,焦炉调温工,6,生产制造及有关人员,监控和调节焦炉各燃烧室的温度与压力，确保焦炭质量与炉体安全。,7.4,11.0,2.8
6-01-06-03,焦炉机车司机,6,生产制造及有关人员,操作焦炉机车，负责焦炭的推焦、装煤等运输作业。,6.5,12.5,1.2
6-01-06-04,煤制气工,6,生产制造及有关人员,操作煤制气设备，监控工艺参数，生产煤气或合成气。,7.0,13.0,0.8
6-02-01-01,井下支护工,6,生产制造及有关人员,在矿井下进行巷道、工作面的支护作业，确保作业空间安全。,4.5,14.5,3.5
6-02-01-02,矿山救护工,6,生产制造及有关人员,负责矿山事故的应急救援、抢险救灾和事故处理工作。,3.0,16.0,0.5
6-02-01-03,矿井开掘工,6,生产制造及有关人员,使用机械或爆破等方式进行矿井巷道和采场的开拓与掘进。,5.5,15.0,2.8
6-02-01-04,矿山提升设备操作工,6,生产制造及有关人员,操作矿井提升机，负责人员、矿石、设备等的垂直运输。,7.5,13.5,1.0
6-02-01-05,矿井机车运输工,6,生产制造及有关人员,驾驶井下电机车或矿车，在巷道内运输矿石、材料和人员。,6.5,12.8,1.5
6-02-01-06,矿山排水工,6,生产制造及有关人员,操作和维护矿山排水系统，确保井下涌水能被及时排出。,7.0,13.2,0.9
6-02-01-07,矿山通风工,6,生产制造及有关人员,安装、维护矿井通风设施，监测并调节井下空气质量与风量。,6.0,13.8,1.1
6-02-01-08,矿山安全防护工,6,生产制造及有关人员,检查、维护矿山安全设施，监测安全隐患，执行安全规程。,4.0,15.5,1.8
6-02-01-09,矿山检查验收工,6,生产制造及有关人员,对矿山工程质量、规格和安全标准进行检查、测量与验收。,5.5,14.2,1.3
6-02-01-10,矿山生产集控员,6,生产制造及有关人员,在集中控制室远程监控和调度矿山各生产系统的运行。,8.0,16.5,0.7
6-02-02-01,露天采矿工,6,生产制造及有关人员,操作电铲、钻机等大型设备，进行露天矿场的剥离与采矿作业。,6.0,14.0,2.5
6-02-02-02,露天矿物开采辅助工,6,生产制造及有关人员,从事露天矿场的辅助作业，如清理、修路、设备简单维护等。,5.0,12.0,1.7
6-02-03-01,海盐晒制工,6,生产制造及有关人员,利用滩田进行海水的纳潮、制卤、结晶、收盐等晒盐作业。,4.0,10.5,0.6
6-02-03-02,湖盐采掘工,6,生产制造及有关人员,操作采盐船或机械，在盐湖中进行盐矿的开采和收集作业。,5.5,11.2,0.3
6-02-03-03,井矿盐采卤工,6,生产制造及有关人员,通过钻井注水溶解地下岩盐，并将卤水抽取至地面的作业。,6.5,12.2,0.4
6-02-04-01,耐火原料工,6,生产制造及有关人员,从事耐火原料的破碎、粉碎、筛分、配料及混练等加工处理。,6.0,11.8,0.9
6-02-04-02,耐火材料成型工,6,生产制造及有关人员,操作压力机等设备，将耐火混合料压制成特定形状的坯体。,6.5,12.5,1.1
6-02-04-03,耐火材料烧成工,6,生产制造及有关人员,操作窑炉，控制烧成曲线，对耐火材料坯体进行高温烧结。,7.0,13.2,0.8
6-02-04-04,耐火制品浸渍工,6,生产制造及有关人员,负责将耐火材料浸入特定溶液中，以增强其性能，涉及设备操作和工艺控制。,6.5,8.2,0.8
6-02-04-05,耐火纤维制品工,6,生产制造及有关人员,操作设备将耐火原料加工成纤维状制品，如毯、板等，过程控制要求高。,6.8,8.5,1.2
6-02-05-01,石墨坩埚工,6,生产制造及有关人员,从事石墨坩埚的成型、加工和修整工作，依赖一定的手工技能和经验。,6.2,9.0,0.5
6-02-05-02,炭素煅烧工,6,生产制造及有关人员,操作煅烧炉对炭素原料进行高温处理，过程高度依赖自动化监控与调节。,7.0,9.5,1.5
6-02-05-03,炭素成型工,6,生产制造及有关人员,将炭素原料通过压制、挤压等方式成型，需操作机械并控制工艺参数。,6.5,9.2,1.8
6-02-05-04,炭素焙烧工,6,生产制造及有关人员,负责炭素制品的焙烧工序，监控窑炉温度与气氛，自动化潜力较高。,7.2,9.8,1.6
6-02-05-05,炭素浸渍工,6,生产制造及有关人员,将炭素制品浸入浸渍剂中以提高密度和性能，涉及流程控制和设备操作。,6.3,8.8,0.9
6-02-05-06,炭素石墨化工,6,生产制造及有关人员,通过高温石墨化处理提升炭素材料性能，过程高度依赖自动化与精准控制。,7.5,10.5,0.7
6-02-05-07,炭素制品工,6,生产制造及有关人员,泛指炭素制品生产各环节的操作工，包含多种半自动化与体力结合任务。,6.0,9.0,2.0
6-02-05-08,炭素纤维工,6,生产制造及有关人员,生产炭素纤维，涉及原丝处理、碳化等工序，工艺控制复杂，自动化程度较高。,6.9,11.0,0.6
6-02-06-01,石英玻璃制品加工工,6,生产制造及有关人员,对石英玻璃进行切割、研磨、抛光等加工，需要一定手工技巧和设备操作。,6.4,9.5,1.0
6-02-06-02,玻璃钢制品工,6,生产制造及有关人员,从事玻璃钢（FRP）制品的成型、固化和修整工作，常需手工铺层与操作。,6.2,8.5,2.5
6-02-07-01,陶瓷原料准备工,6,生产制造及有关人员,负责陶瓷原料的配料、混合与预处理，过程易实现自动化称量与输送。,7.0,7.8,1.8
6-02-07-02,陶瓷成型工,6,生产制造及有关人员,通过注浆、压制、拉坯等方式将陶瓷泥料成型，部分环节依赖手工与经验。,6.5,8.2,2.2
6-02-07-03,陶瓷烧成工,6,生产制造及有关人员,操作窑炉进行陶瓷烧成，控制温度曲线与气氛，自动化监控系统应用广泛。,7.3,9.0,1.5
6-02-07-04,陶瓷装饰工,6,生产制造及有关人员,对陶瓷制品进行彩绘、贴花、雕刻等装饰，需要较强的手工技艺和审美。,5.5,8.0,1.2
6-02-08-01,水泥生产工,6,生产制造及有关人员,在水泥厂操作大型设备进行生料粉磨、煅烧、粉磨等，已高度自动化与集控。,7.8,10.2,5.0
6-02-08-02,水泥混凝土制品工,6,生产制造及有关人员,生产水泥管、桩、板等制品，涉及搅拌、成型、养护，机械化程度较高。,6.8,8.8,3.5
6-02-08-03,石膏制品生产工,6,生产制造及有关人员,操作生产线制造石膏板、砌块等，流程固定，自动化设备已普遍应用。,6.7,7.5,1.5
6-02-08-04,石灰焙烧工,6,生产制造及有关人员,操作石灰窑进行石灰石煅烧，过程控制（温度、风量）已趋向自动化。,7.5,9.2,0.8
6-02-09-01,玻璃配料工,6,生产制造及有关人员,负责按照配方称量、混合玻璃原料，为熔化工序做准备。,7.5,7.2,2.5
6-02-09-02,玻璃熔化工,6,生产制造及有关人员,操作熔窑，控制温度与气氛，将玻璃原料熔化成均匀的玻璃液。,7.0,8.5,2.0
6-02-09-03,玻璃成型工,6,生产制造及有关人员,操作吹制、压制、拉引等设备，将玻璃液加工成特定形状的制品。,6.5,8.0,3.0
6-02-09-04,玻璃加工工,6,生产制造及有关人员,对成型玻璃进行切割、磨边、钻孔、钢化等机械加工处理。,6.0,7.8,4.0
6-02-09-05,玻璃制品装饰加工工,6,生产制造及有关人员,通过彩绘、雕刻、喷砂、镀膜等工艺对玻璃制品进行艺术装饰。,5.5,8.2,2.5
6-01-01-09,加工中心操作工,6,生产制造及有关人员,操作多轴数控加工中心，进行复杂零件的铣削、钻孔、攻丝等加工。,8.0,9.5,15.0
6-01-01-10,数控车工,6,生产制造及有关人员,操作数控车床，对旋转体零件进行车削加工。,7.8,9.0,18.0
6-01-01-11,数控铣工,6,生产制造及有关人员,操作数控铣床，对工件进行平面、沟槽、曲面等铣削加工。,7.8,9.2,16.0
6-01-01-13,多工序数控机床操作调整工,6,生产制造及有关人员,操作并调整集成多种加工功能的数控机床，完成复杂多工序加工。,8.2,10.0,12.0
6-01-02-08,冷作钣金工,6,生产制造及有关人员,从事金属板材的放样、下料、成形、装配等手工或机械加工。,6.0,8.8,25.0
6-01-02-09,镀层工,6,生产制造及有关人员,操作电镀、化学镀等设备，在工件表面形成金属或非金属保护/装饰层。,7.5,8.0,6.0
6-01-02-10,涂装工,6,生产制造及有关人员,使用喷枪等工具，对产品表面进行喷涂、浸涂等，形成保护或装饰涂层。,7.0,7.5,30.0
6-01-02-13,装配钳工,6,生产制造及有关人员,使用手工工具，按图纸进行机械设备的零件修配、组装与调试。,5.5,9.5,40.0
6-01-02-14,机车钳工,6,生产制造及有关人员,专门从事铁路机车车辆的机械部分检查、修理、组装与调试。,5.0,10.5,8.0
6-01-02-19,仪器仪表装配工,6,生产制造及有关人员,组装、调试精密仪器仪表，确保其精度和功能符合要求。,6.5,9.8,12.0
6-01-02-20,电子专用设备装调工,6,生产制造及有关人员,装配、调试用于生产电子元器件的专用设备，如贴片机、键合机。,6.0,10.2,10.0
6-01-02-21,真空电子器件零件制造及装调工,6,生产制造及有关人员,制造并装配调试真空电子器件（如显像管、微波管）的精密零件。,6.5,10.8,3.5
6-01-02-22,液晶显示器件制造工,6,生产制造及有关人员,在高度自动化的洁净车间，操作设备进行液晶面板的阵列、成盒、模组等制程。,8.5,11.5,20.0
6-01-02-26,印制电路制作工,6,生产制造及有关人员,操作光绘、蚀刻、钻孔、电镀、检测等设备，生产印制电路板（PCB）。,8.0,10.0,15.0
6-01-02-27,计算机及外部设备装配调试员,6,生产制造及有关人员,组装计算机整机或外部设备（如打印机），并进行硬件检测与系统调试。,7.0,9.0,18.0
6-01-02-28,通信系统设备制造工,6,生产制造及有关人员,从事通信系统设备（如基站、交换机）的组装、焊接、测试等生产制造工作。,6.5,11.2,45
6-01-02-29,通信终端设备制造工,6,生产制造及有关人员,从事手机、路由器等通信终端产品的组装、检测、包装等流水线生产工作。,7.0,10.8,60
6-01-02-30,雷达装配调试工,6,生产制造及有关人员,从事雷达设备的机械装配、电气连接、系统调试和性能测试工作。,5.5,14.5,8
6-01-02-31,广电和通信设备调试工,6,生产制造及有关人员,从事广播电视和通信发射、传输、接收等设备的安装、调试与参数优化工作。,6.0,13.0,25
6-01-02-32,广电和通信设备电子装接工,6,生产制造及有关人员,从事广电和通信设备内部电路板的元器件插装、焊接、线缆连接等装配工作。,6.5,11.5,35
6-01-02-34,航空产品装配工,6,生产制造及有关人员,从事飞机机体、发动机或机载设备等航空产品的精密机械装配与系统集成工作。,5.0,16.0,12
6-01-02-35,航天器装配工,6,生产制造及有关人员,从事卫星、火箭等航天器的精密装配、总装和测试，对工艺与环境要求极高。,4.5,18.0,3
6-01-02-36,船舶装配工,6,生产制造及有关人员,从事船体结构、舾装设备或轮机系统的组装、焊接、安装与合拢工作。,5.5,13.5,22
6-01-02-37,轨道交通设备制造工,6,生产制造及有关人员,从事列车车体、转向架等轨道交通设备零部件的加工、成型与初步组装工作。,6.0,12.8,28
6-01-02-38,轨道交通设备装调工,6,生产制造及有关人员,从事轨道交通车辆或信号系统的总装、电气连接、功能调试与参数设置工作。,5.5,14.2,18
6-01-02-39,轨道交通设备检修工,6,生产制造及有关人员,从事轨道交通车辆的日常检查、故障诊断、部件维修与保养，保障运营安全。,4.5,15.0,32
6-01-02-42,重型装备制造工,6,生产制造及有关人员,从事工程机械、矿山机械等重型装备的结构件下料、焊接、机加工与部件组装。,6.0,12.5,40
6-01-02-43,重型装备装调工,6,生产制造及有关人员,从事重型装备的总装、液压/电气系统安装、整机调试与出厂测试工作。,5.5,13.8,25
6-01-02-44,重型装备检修工,6,生产制造及有关人员,从事重型装备的现场或厂内检修、故障排查、大修与技术改造，依赖经验判断。,4.0,14.5,35
6-01-02-45,专用车辆装配工,6,生产制造及有关人员,从事消防车、环卫车等专用车辆的底盘改装、上装设备安装与线束连接工作。,6.5,11.0,30
6-01-02-46,专用车辆装调工,6,生产制造及有关人员,从事专用车辆的功能系统（如起重、喷洒）安装、联动调试与性能验证工作。,6.0,12.2,20
6-01-02-47,专用车辆检修工,6,生产制造及有关人员,从事专用车辆的定期维护、故障诊断、零部件更换与修复，确保车辆特种功能正常。,4.0,13.0,25
6-01-02-48,医疗器械装配工,6,生产制造及有关人员,从事医疗设备或仪器的精密零部件清洁、组装、校准与初步功能测试工作。,6.0,11.8,20
6-01-02-49,医疗器械调试工,6,生产制造及有关人员,从事医疗影像、监护等设备的整机性能调试、软件参数设置与临床模拟测试。,5.5,13.5,15
6-01-02-50,医疗器械检修工,6,生产制造及有关人员,从事医疗器械的安装、定期维护、故障维修与计量校准，需结合临床知识判断。,4.0,14.0,18
6-01-02-51,假肢师,6,生产制造及有关人员,根据患者情况，设计、制作、适配和调整假肢，需要医学知识、手工技能和人际沟通。,3.5,12.5,0.8
6-01-02-52,矫形器师,6,生产制造及有关人员,为患者评估、设计、制作和适配矫形器，以矫正或支撑身体部位，涉及医学与手工。,3.5,12.2,0.7
6-01-02-53,眼镜验光员,6,生产制造及有关人员,使用专业设备检查视力，提供验光服务，开具配镜处方，需要人际互动和判断力。,4.0,10.8,15.0
6-01-02-54,眼镜定配工,6,生产制造及有关人员,根据验光处方，进行镜片磨边、装配、调整和修理眼镜，操作精密仪器。,5.0,9.5,18.0
6-01-02-56,乐器制作工,6,生产制造及有关人员,手工或使用工具制作、调试、修理各类乐器，依赖精细手工技艺和声学知识。,4.0,11.0,2.5
6-01-02-57,文教用品制作工,6,生产制造及有关人员,生产笔、本册、教具等文教用品，流程已高度机械化，AI可优化设计与生产管理。,6.5,8.5,25.0
6-01-02-58,体育用品制作工,6,生产制造及有关人员,制造球类、健身器材等体育用品，生产自动化程度高，AI可辅助设计与流程控制。,6.0,9.0,20.0
6-01-02-59,玩具制作工,6,生产制造及有关人员,参与玩具的制造、组装与质检，生产线自动化普遍，AI可增强设计与个性化生产。,6.5,8.8,35.0
6-01-02-60,工艺美术品制作工,6,生产制造及有关人员,从事各类工艺美术品的创意制作，强调独特设计、传统技艺和手工精细度。,3.0,10.5,12.0
6-01-02-61,珠宝首饰制作工,6,生产制造及有关人员,设计、起版、铸造、镶嵌、抛光珠宝首饰，依赖高精度手工、艺术审美和材料知识。,4.0,13.0,8.0
6-01-02-62,地毯制作工,6,生产制造及有关人员,手工或操作机械进行地毯的编织、剪花、后期处理，部分环节可由自动化设备完成。,5.5,9.2,6.0
6-01-02-63,陶瓷工艺品制作工,6,生产制造及有关人员,从事陶瓷工艺品的拉坯、修坯、绘画、上釉、烧制，核心依赖匠人经验与手感。,3.5,10.0,5.0
6-01-02-64,漆器工艺品制作工,6,生产制造及有关人员,从事漆器底胎制作、髹漆、装饰（如雕填、镶嵌），工艺复杂，高度依赖传统手工技艺。,3.0,11.5,1.5
6-01-02-65,抽纱刺绣工艺品制作工,6,生产制造及有关人员,进行抽纱、刺绣工艺品的图案设计、手工或机械刺绣，高端产品依赖人工创意与精细度。,4.5,9.8,4.0
6-01-02-66,金属工艺品制作工,6,生产制造及有关人员,通过锻打、錾刻、铸造等工艺制作金属工艺品，需要艺术设计能力和金属加工技能。,4.0,11.2,3.5
6-01-02-67,烟花爆竹制作工,6,生产制造及有关人员,从事烟花爆竹的配药、装填、组装等生产，危险工序已逐步机械化，AI可优化安全监控。,6.0,10.2,3.0
6-01-02-68,民间工艺品制作工,6,生产制造及有关人员,制作具有地方民族特色的手工艺品，核心价值在于文化传承、独特技艺和手工制作。,2.5,9.5,8.0
7-01-00-00,军官,7,军人,负责军队管理、指挥、决策和战略规划，涉及高度复杂的人际领导、政治判断和应变能力。,2.0,18.0,45.0
7-01-01-00,陆军军官,7,军人,负责陆军部队的指挥、管理、训练和作战任务，需在复杂动态环境中做出决策和领导。,2.0,17.5,30.0
7-01-01-01,陆军指挥军官,7,军人,在战术和战役层面直接指挥部队行动，核心能力是实时决策、领导力、应变和意志力。,1.5,19.0,12.0
7-01-01-02,陆军政治军官,7,军人,,5.0,8,50
7-01-01-03,陆军后勤军官,7,军人,,5.0,8,50
7-01-01-04,陆军装备军官,7,军人,,5.0,8,50
7-01-01-05,陆军专业技术军官,7,军人,,5.0,8,50
7-01-02-00,海军军官,7,军人,,5.0,8,50
7-01-02-01,海军指挥军官,7,军人,,5.0,8,50
7-01-02-02,海军政治军官,7,军人,,5.0,8,50
7-01-02-03,海军后勤军官,7,军人,,5.0,8,50
7-01-02-04,海军装备军官,7,军人,,5.0,8,50
7-01-02-05,海军专业技术军官,7,军人,,5.0,8,50
7-01-03-00,空军军官,7,军人,,5.0,8,50
7-01-03-01,空军指挥军官,7,军人,,5.0,8,50
7-01-03-02,空军政治军官,7,军人,,5.0,8,50
7-01-03-03,空军后勤军官,7,军人,,5.0,8,50
7-01-03-04,空军装备军官,7,军人,,5.0,8,50
7-01-03-05,空军专业技术军官,7,军人,,5.0,8,50
7-01-04-00,火箭军军官,7,军人,,5.0,8,50
7-01-04-01,火箭军指挥军官,7,军人,,5.0,8,50
7-01-04-02,火箭军政治军官,7,军人,,5.0,8,50
7-01-04-03,火箭军后勤军官,7,军人,,5.0,8,50
7-01-04-04,火箭军装备军官,7,军人,负责火箭军武器装备的规划、采购、管理和维护保障工作。,2.5,18.5,0.8
7-01-04-05,火箭军专业技术军官,7,军人,从事导弹武器系统、信息技术、工程保障等领域的专业技术研究与操作。,3.5,19.5,1.2
7-01-05-00,战略支援部队军官,7,军人,负责网络空间、航天、电子对抗等新型作战力量的建设与运用。,4.0,18.0,2.5
7-01-05-01,战略支援部队指挥军官,7,军人,负责战略支援部队作战单元的指挥、控制与协调。,3.0,19.0,0.8
7-01-05-02,战略支援部队政治军官,7,军人,负责部队的思想政治教育、组织建设、干部管理和宣传工作。,2.0,17.5,0.7
7-01-05-03,战略支援部队后勤军官,7,军人,负责战略支援部队的物资、财务、运输、营房等综合保障工作。,4.5,17.0,1.0
7-01-05-04,战略支援部队装备军官,7,军人,负责战略支援部队专用技术装备的规划、管理和技术保障。,3.0,18.0,0.9
7-01-05-05,战略支援部队专业技术军官,7,军人,从事网络攻防、航天测控、情报分析、密码技术等领域的专业技术工作。,4.5,19.5,2.0
7-01-06-00,联勤保障部队军官,7,军人,负责全军通用物资、医疗、运输等联勤保障的组织与实施。,4.0,17.5,3.0
7-01-06-01,联勤保障部队指挥军官,7,军人,负责联勤保障部队的指挥调度、任务规划和行动协调。,3.5,18.5,0.9
7-01-06-02,联勤保障部队政治军官,7,军人,负责联勤保障部队的思想政治、组织人事、纪律检查等工作。,2.0,17.0,0.8
7-01-06-03,联勤保障部队后勤军官,7,军人,负责物资储供、军事运输、油料保障、营房基建等后勤业务管理。,5.0,17.0,1.5
7-01-06-04,联勤保障部队装备军官,7,军人,负责联勤通用装备的采购、管理、维修和保障工作。,3.5,17.5,0.8
7-01-06-05,联勤保障部队专业技术军官,7,军人,从事医疗、运输、工程、信息技术等领域的专业技术保障工作。,4.5,18.5,1.8
7-01-07-00,武警部队军官,7,军人,负责武警部队执勤、处突、反恐、抢险救援等任务的领导与组织。,3.0,17.0,8.0
7-01-07-01,武警部队指挥军官,7,军人,负责武警作战部队、机动部队的现场指挥与行动控制。,2.5,18.0,2.5
7-01-07-02,武警部队政治军官,7,军人,负责武警部队的思想政治建设、组织工作、干部管理和保卫工作。,2.0,16.5,1.8
7-01-07-03,武警部队后勤军官,7,军人,负责武警部队的财务、军需、运输、营房等后勤保障管理。,4.5,16.5,1.5
7-01-07-04,武警部队装备军官,7,军人,负责武警部队武器装备的规划、调配、管理和技术保障。,3.5,17.0,1.0
7-01-07-05,武警部队专业技术军官,7,军人,从事通信、工程、防化、医疗、信息技术等领域的专业技术工作。,4.0,18.0,2.2
7-02-00-00,士兵,7,军人,,5.0,8,50
7-02-01-00,陆军士兵,7,军人,,5.0,8,50
7-02-01-01,陆军指挥管理士兵,7,军人,,5.0,8,50
7-02-01-02,陆军专业技术士兵,7,军人,,5.0,8,50
7-02-01-03,陆军普通士兵,7,军人,,5.0,8,50
7-02-02-00,海军士兵,7,军人,,5.0,8,50
7-02-02-01,海军指挥管理士兵,7,军人,,5.0,8,50
7-02-02-02,海军专业技术士兵,7,军人,,5.0,8,50
7-02-02-03,海军普通士兵,7,军人,,5.0,8,50
7-02-03-00,空军士兵,7,军人,,5.0,8,50
7-02-03-01,空军指挥管理士兵,7,军人,,5.0,8,50
7-02-03-02,空军专业技术士兵,7,军人,,5.0,8,50
7-02-03-03,空军普通士兵,7,军人,,5.0,8,50
7-02-04-00,火箭军士兵,7,军人,,5.0,8,50
7-02-04-01,火箭军指挥管理士兵,7,军人,,5.0,8,50
7-02-04-02,火箭军专业技术士兵,7,军人,,5.0,8,50
7-02-04-03,火箭军普通士兵,7,军人,,5.0,8,50
7-02-05-00,战略支援部队士兵,7,军人,,5.0,8,50
7-02-05-01,战略支援部队指挥管理士兵,7,军人,,5.0,8,50
7-02-05-02,战略支援部队专业技术士兵,7,军人,,5.0,8,50
7-02-05-03,战略支援部队普通士兵,7,军人,,5.0,8,50
7-02-06-00,联勤保障部队士兵,7,军人,,5.0,8,50
7-02-06-01,联勤保障部队指挥管理士兵,7,军人,,5.0,8,50
7-02-06-02,联勤保障部队专业技术士兵,7,军人,,5.0,8,50
7-02-06-03,联勤保障部队普通士兵,7,军人,,5.0,8,50
7-02-07-00,武警部队士兵,7,军人,,5.0,8,50
7-02-07-01,武警部队指挥管理士兵,7,军人,,5.0,8,50
7-02-07-02,武警部队专业技术士兵,7,军人,,5.0,8,50
7-02-07-03,武警部队普通士兵,7,军人,,5.0,8,50
7-03-00-00,文职人员,7,军人,,5.0,8,50
7-03-01-00,文职干部,7,军人,,5.0,8,50
7-03-01-01,文职指挥干部,7,军人,,5.0,8,50
7-03-01-02,文职政治干部,7,军人,,5.0,8,50
7-03-01-03,文职后勤干部,7,军人,,5.0,8,50
7-03-01-04,文职装备干部,7,军人,,5.0,8,50
7-03-01-05,文职专业技术干部,7,军人,,5.0,8,50
7-03-02-00,文职雇员,7,军人,,5.0,8,50
7-03-02-01,文职管理雇员,7,军人,,5.0,8,50
7-03-02-02,文职专业技术雇员,7,军人,,5.0,8,50
7-03-02-03,文职技能雇员,7,军人,,5.0,8,50
8-01-01-02,其他行政事务人员,8,不便分类的其他从业人员,,5.0,8,50
8-01-01-99,其他行政办事员,8,不便分类的其他从业人员,,5.0,8,50
8-02-01-01,其他商业、服务业人员,8,不便分类的其他从业人员,,5.0,8,50
8-02-01-02,其他批发与零售服务人员,8,不便分类的其他从业人员,,5.0,8,50
8-02-01-03,其他交通运输、仓储和邮政业服务人员,8,不便分类的其他从业人员,,5.0,8,50
8-02-01-04,其他住宿和餐饮服务人员,8,不便分类的其他从业人员,,5.0,8,50
8-02-01-05,其他信息传输、软件和信息技术服务人员,8,不便分类的其他从业人员,,5.0,8,50
8-02-01-06,其他金融业服务人员,8,不便分类的其他从业人员,,5.0,8,50
8-02-01-07,其他房地产业服务人员,8,不便分类的其他从业人员,,5.0,8,50
8-02-01-08,其他租赁和商务服务业人员,8,不便分类的其他从业人员,,5.0,8,50
8-02-01-09,其他科学研究和技术服务业人员,8,不便分类的其他从业人员,,5.0,8,50
8-02-01-10,其他水利、环境和公共设施管理服务人员,8,不便分类的其他从业人员,,5.0,8,50
8-02-01-11,其他居民服务、修理和其他服务业人员,8,不便分类的其他从业人员,,5.0,8,50
8-02-01-12,其他教育服务人员,8,不便分类的其他从业人员,,5.0,8,50
8-02-01-13,其他卫生和社会工作服务人员,8,不便分类的其他从业人员,,5.0,8,50
8-02-01-14,其他文化、体育和娱乐业服务人员,8,不便分类的其他从业人员,,5.0,8,50
8-02-01-15,其他公共管理、社会保障和社会组织服务人员,8,不便分类的其他从业人员,,5.0,8,50
8-03-01-01,其他农、林、牧、渔业生产及辅助人员,8,不便分类的其他从业人员,,5.0,8,50
8-04-01-01,其他生产制造及有关人员,8,不便分类的其他从业人员,,5.0,8,50
8-04-01-02,其他农副食品加工人员,8,不便分类的其他从业人员,,5.0,8,50
8-04-01-03,其他食品、饮料生产加工人员,8,不便分类的其他从业人员,从事食品饮料生产线上操作、包装、质检等辅助性加工工作。,6.5,8.2,120
8-04-01-04,其他纺织、针织、印染人员,8,不便分类的其他从业人员,从事纺织、针织、印染流程中的设备操作、工艺执行与辅助生产工作。,7.0,7.8,95
8-04-01-05,其他纺织品、服装和皮革、毛皮制品加工制作人员,8,不便分类的其他从业人员,从事服装、皮革制品裁剪、缝制、整理等手工或半自动化加工环节。,6.0,8.0,110
8-04-01-06,其他木材加工、家具与木制品制作人员,8,不便分类的其他从业人员,从事木材切割、打磨、组装及家具制作的体力与操作技能结合工作。,5.5,8.5,85
8-04-01-07,其他造纸及纸制品生产加工人员,8,不便分类的其他从业人员,从事造纸机械操作、流程监控、纸制品加工与包装等生产任务。,7.2,8.3,45
8-04-01-08,其他印刷和记录媒介复制人员,8,不便分类的其他从业人员,从事印刷设备操作、版面调整、介质复制及后期处理等流程性工作。,7.5,9.0,40
8-04-01-09,其他文教、工美、体育和娱乐用品制造人员,8,不便分类的其他从业人员,从事文化教育、工艺美术及体育娱乐用品的组装、装饰及手工制作。,5.0,8.8,65
8-04-01-10,其他石油加工和炼焦、煤化工生产人员,8,不便分类的其他从业人员,从事石油、焦化、煤化工生产流程中的设备监控、操作与安全巡检。,7.8,12.5,30
8-04-01-11,其他化学原料和化学制品制造人员,8,不便分类的其他从业人员,从事化学原料生产、合成、分装及流程控制等操作与监控工作。,7.3,11.0,55
8-04-01-12,其他医药制造人员,8,不便分类的其他从业人员,从事药品生产、制剂、包装及生产线辅助操作与质量监控。,6.8,11.8,50
8-04-01-13,其他化学纤维制造人员,8,不便分类的其他从业人员,从事化纤生产的纺丝、拉伸、卷绕等流程操作与设备监控。,7.4,10.5,25
8-04-01-14,其他橡胶和塑料制品制造人员,8,不便分类的其他从业人员,从事橡胶塑料制品成型、硫化、注塑及后处理等生产操作。,6.7,9.2,75
8-04-01-15,其他非金属矿物制品制造人员,8,不便分类的其他从业人员,从事水泥、玻璃、陶瓷等非金属矿物制品的生产、加工与质检。,6.5,9.5,60
8-04-01-16,其他金属冶炼和压延加工人员,8,不便分类的其他从业人员,从事金属冶炼、轧制、热处理等高温高危环境下的流程操作与监控。,7.6,11.5,70
8-04-01-17,其他金属制品制造人员,8,不便分类的其他从业人员,从事金属零部件加工、焊接、组装及表面处理等制造工作。,6.2,9.8,90
8-04-01-18,其他通用设备制造人员,8,不便分类的其他从业人员,从事通用机械设备零部件加工、装配、调试及生产线维护。,6.9,10.2,150
8-04-01-19,其他专用设备制造人员,8,不便分类的其他从业人员,从事专用设备（如农机、矿山机械等）的制造、组装与测试。,6.5,10.8,80
8-04-01-20,其他汽车制造人员,8,不便分类的其他从业人员,从事汽车零部件生产、车身焊接、总装及生产线辅助操作。,7.1,11.2,100
8-04-01-21,其他铁路、船舶、航空航天设备制造人员,8,不便分类的其他从业人员,从事轨道交通、船舶、航空航天设备的精密制造、组装与调试。,6.0,12.0,35
8-04-01-22,其他电气机械和器材制造人员,8,不便分类的其他从业人员,从事电机、电池、家电等电气机械产品的生产、组装与测试。,7.0,10.5,120
8-04-01-23,其他计算机、通信和其他电子设备制造人员,8,不便分类的其他从业人员,从事计算机、通信及电子设备生产、组装、测试、维修等辅助性工作。,6.5,12.5,85
8-04-01-24,其他仪器仪表制造人员,8,不便分类的其他从业人员,从事各类仪器仪表的生产、装配、校准、检测等操作性工作。,6.0,11.8,45
8-04-01-25,其他废弃资源综合利用人员,8,不便分类的其他从业人员,从事废弃物分类、拆解、回收、处理等操作，需一定现场判断。,4.5,9.2,30
8-04-01-26,其他电力、热力、气体、水生产和输配人员,8,不便分类的其他从业人员,从事能源及水务系统的运行监控、设备操作、巡检维护等工作。,5.0,14.5,65
8-04-01-27,其他建筑施工人员,8,不便分类的其他从业人员,从事建筑工地非核心工种的体力劳动及辅助性施工作业。,3.5,10.5,220
8-04-01-28,其他运输设备和通用工程机械操作人员及有关人员,8,不便分类的其他从业人员,操作各类运输设备或工程机械，需一定操作技能与现场适应。,5.5,11.0,120
8-04-01-29,其他生产辅助人员,8,不便分类的其他从业人员,在生产流程中从事物料搬运、设备看管、生产线辅助等支持工作。,5.0,8.8,180
8-05-01-01,其他军人,8,不便分类的其他从业人员,从事军事领域内不便分类的辅助性、操作性或后勤保障任务。,2.0,13.0,200
8-99-01-01,不便分类的其他从业人员,8,不便分类的其他从业人员,从事无法归入现有标准职业类别的多样化、综合性辅助工作。,4.0,9.5,150
